Date,Close,Open,High,Low,Vol.,Change %,,
"Aug 15, 2019",187.8,186.59,189.3,176.08,14.03M,0.66%,X,
"Aug 16, 2019",184.55,187.67,188.03,179.35,11.33M,-1.73%,X,
"Aug 17, 2019",184.81,184.55,186.12,181.58,8.78M,0.14%,X,
"Aug 18, 2019",193.68,184.83,197.17,182.96,9.11M,4.80%,X,
"Aug 19, 2019",201.64,193.67,202.81,192.33,8.14M,4.11%,X,
"Aug 20, 2019",196.14,201.65,201.96,194.55,10.01M,-2.73%,X,
"Aug 21, 2019",187.24,196.15,196.78,181.29,12.98M,-4.54%,X,
"Aug 22, 2019",190.29,187.27,194.42,182.97,9.97M,1.63%,X,
"Aug 23, 2019",193.43,190.29,195.32,175.8,8.56M,1.65%,X,
"Aug 24, 2019",190.15,193.42,193.47,186.13,8.38M,-1.70%,X,
"Aug 25, 2019",186.3,190.16,191.49,182.81,7.58M,-2.02%,X,
"Aug 26, 2019",188.34,186.32,193.09,186.02,9.02M,1.09%,X,
"Aug 27, 2019",186.58,188.36,188.61,184.26,7.19M,-0.93%,X,
"Aug 28, 2019",172.85,186.6,187.13,167.57,9.72M,-7.36%,X,
"Aug 29, 2019",168.66,172.85,173.05,164.04,9.55M,-2.43%,X,
"Aug 30, 2019",168.16,168.68,170.27,165.38,7.49M,-0.29%,X,
"Aug 31, 2019",171.62,168.14,174.43,166.16,7.89M,2.06%,X,
"Sep 01, 2019",169.72,171.62,173.22,167.08,7.80M,-1.11%,X,
"Sep 02, 2019",178.11,169.72,180.56,169.45,9.27M,4.94%,X,
"Sep 03, 2019",178.81,178.1,182.59,175.37,9.03M,0.39%,X,
"Sep 04, 2019",174.79,178.82,180.06,173.85,7.55M,-2.25%,X,
"Sep 05, 2019",173.83,174.8,175.56,170.54,7.40M,-0.55%,X,
"Sep 06, 2019",169.15,173.82,177.79,166.16,9.98M,-2.70%,X,
"Sep 07, 2019",177.74,169.14,180.63,168.42,9.05M,5.08%,X,
"Sep 08, 2019",181.44,177.76,183.42,177.36,8.34M,2.08%,X,
"Sep 09, 2019",180.65,181.45,184.76,176.25,9.64M,-0.44%,X,
"Sep 10, 2019",180.05,180.64,184.16,177.44,8.27M,-0.33%,X,
"Sep 11, 2019",178.47,180.05,182.27,174.86,10.66M,-0.88%,X,
"Sep 12, 2019",180.87,178.48,182.37,176.85,7.19M,1.35%,X,
"Sep 13, 2019",181.11,180.87,181.53,177.79,7.68M,0.13%,X,
"Sep 14, 2019",188.16,181.06,188.54,180.09,8.63M,3.89%,X,
"Sep 15, 2019",189.1,188.17,190.23,185.92,7.30M,0.50%,X,
"Sep 16, 2019",197.32,189.1,198.82,188.68,10.01M,4.35%,X,
"Sep 17, 2019",207.77,197.33,214.45,195.95,11.69M,5.29%,X,
"Sep 18, 2019",210.43,207.8,216.89,207.69,9.78M,1.28%,X,
"Sep 19, 2019",220.21,210.44,223.35,202.95,12.42M,4.65%,X,
"Sep 20, 2019",218,220.22,221.27,213.12,9.10M,-1.00%,X,
"Sep 21, 2019",215.22,218.01,221.17,213.71,8.69M,-1.28%,X,
"Sep 22, 2019",211.13,215.23,215.64,206.71,9.72M,-1.90%,X,
"Sep 23, 2019",201.18,211.16,211.76,199.82,9.65M,-4.71%,X,
"Sep 24, 2019",166.29,201.22,202.97,164.78,19.02M,-17.34%,X,
"Sep 25, 2019",168.92,166.29,174.26,162.12,13.88M,1.58%,X,
"Sep 26, 2019",164.56,168.93,169.81,153.17,11.97M,-2.58%,X,
"Sep 27, 2019",173.19,164.58,175.65,161.32,10.94M,5.24%,X,
"Sep 28, 2019",173.62,173.19,175.15,168.56,10.22M,0.25%,X,
"Sep 29, 2019",169.29,173.62,174.43,164.97,9.90M,-2.49%,X,
"Sep 30, 2019",180.35,169.28,180.52,165.59,11.93M,6.53%,X,
"Oct 01, 2019",175.78,180.36,184.95,174.03,11.88M,-2.54%,X,
"Oct 02, 2019",180.27,175.78,180.84,173.97,8.47M,2.56%,X,
"Oct 03, 2019",174.54,180.26,180.57,170.65,8.89M,-3.18%,X,
"Oct 04, 2019",175.65,174.58,178.43,171.33,8.44M,0.64%,X,
"Oct 05, 2019",176.43,175.65,176.63,172.39,7.30M,0.44%,X,
"Oct 06, 2019",170.55,176.44,176.87,168.74,7.97M,-3.33%,X,
"Oct 07, 2019",179.87,170.52,182.03,169.13,10.95M,5.46%,X,
"Oct 08, 2019",180.78,179.81,184.57,177.74,10.26M,0.51%,X,
"Oct 09, 2019",192.64,180.74,195.08,179.39,12.43M,6.56%,X,
"Oct 10, 2019",191.1,192.65,194.08,187.33,10.42M,-0.80%,X,
"Oct 11, 2019",180.6,191.11,195.87,179.76,13.31M,-5.49%,X,
"Oct 12, 2019",179.87,180.6,184.49,178.78,9.85M,-0.40%,X,
"Oct 13, 2019",181.11,179.86,184.42,178.89,8.22M,0.69%,X,
"Oct 14, 2019",186.63,181.07,186.99,180.65,9.91M,3.05%,X,
"Oct 15, 2019",180.59,186.64,187.67,178.26,11.45M,-3.23%,X,
"Oct 16, 2019",174.53,180.57,181.08,172.49,12.28M,-3.36%,X,
"Oct 17, 2019",177.31,174.52,178.33,172.12,9.45M,1.59%,X,
"Oct 18, 2019",172.81,177.31,177.47,169.28,11.27M,-2.54%,X,
"Oct 19, 2019",171.91,172.79,174.81,170.38,9.89M,-0.52%,X,
"Oct 20, 2019",175.14,171.93,176.17,169.56,10.10M,1.88%,X,
"Oct 21, 2019",174.18,175.14,177.67,171.91,9.24M,-0.55%,X,
"Oct 22, 2019",171.42,174.17,175.08,170.82,9.86M,-1.58%,X,
"Oct 23, 2019",162.28,171.44,171.61,154.42,16.00M,-5.34%,X,
"Oct 24, 2019",160.73,162.26,163.68,159.4,11.36M,-0.95%,X,
"Oct 25, 2019",181.49,160.73,186.24,160.41,16.19M,12.92%,X,
"Oct 26, 2019",179.62,181.5,192.54,174.35,19.63M,-1.03%,X,
"Oct 27, 2019",184.05,179.61,188.33,176.47,14.54M,2.46%,X,
"Oct 28, 2019",181.67,184.06,188.91,180.7,12.75M,-1.29%,X,
"Oct 29, 2019",190.45,181.67,192.28,181.67,14.03M,4.83%,X,
"Oct 30, 2019",183.25,190.44,191.58,180.58,13.67M,-3.78%,X,
"Oct 31, 2019",182.37,183.25,185.21,178.24,12.94M,-0.48%,X,
"Nov 01, 2019",183.12,182.38,184.28,178.69,10.78M,0.41%,X,
"Nov 02, 2019",183.01,183.12,185.18,181.94,8.71M,-0.06%,X,
"Nov 03, 2019",181.7,183.01,184.51,179.46,10.41M,-0.72%,X,
"Nov 04, 2019",185.85,181.72,188.27,180.69,11.89M,2.29%,X,
"Nov 05, 2019",188.67,185.86,191.45,183.12,11.78M,1.51%,X,
"Nov 06, 2019",191.28,188.66,194.11,188.13,11.72M,1.38%,X,
"Nov 07, 2019",186.94,191.28,192.27,185.48,11.49M,-2.27%,X,
"Nov 08, 2019",184.03,186.95,188.35,181.83,11.71M,-1.56%,X,
"Nov 09, 2019",184.96,184.02,185.73,182.86,8.31M,0.50%,X,
"Nov 10, 2019",188.99,184.96,191.28,183.55,10.95M,2.18%,X,
"Nov 11, 2019",185.09,188.98,190.17,184.32,10.26M,-2.06%,X,
"Nov 12, 2019",186.99,185.09,187.44,183.24,9.35M,1.03%,X,
"Nov 13, 2019",188.36,187,189.45,185.7,7.77M,0.73%,X,Y
"Nov 14, 2019",185.25,188.36,188.91,183.96,9.57M,-1.65%,X,Y
"Nov 15, 2019",180.19,185.24,186.1,178.29,11.86M,-2.73%,X,Y
"Nov 16, 2019",182.42,180.19,183.46,179.53,7.62M,1.24%,X,Y
"Nov 17, 2019",184.18,182.39,185.97,180.49,8.57M,0.97%,X,Y
"Nov 18, 2019",178.5,184.19,184.33,176.08,9.57M,-3.09%,X,Y
"Nov 19, 2019",176.09,178.49,178.7,173.48,9.11M,-1.35%,X,Y
"Nov 20, 2019",174.96,176.09,177.42,173.99,8.39M,-0.64%,X,Y
"Nov 21, 2019",161.46,174.96,175.91,158.55,13.36M,-7.71%,X,Y
"Nov 22, 2019",149.8,161.46,163.06,139.13,21.12M,-7.22%,X,Y
"Nov 23, 2019",152.46,149.79,154.25,146.6,11.84M,1.77%,X,Y
"Nov 24, 2019",140.66,152.46,153.24,139.79,11.39M,-7.74%,X,Y
"Nov 25, 2019",145.9,140.58,151.26,131.78,17.98M,3.72%,X,Y
"Nov 26, 2019",147.61,145.88,149.81,144.04,10.84M,1.17%,X,Y
"Nov 27, 2019",152.7,147.6,155.43,141.91,13.34M,3.44%,X,Y
"Nov 28, 2019",151.07,152.71,154.68,149.71,9.66M,-1.07%,X,Y
"Nov 29, 2019",154.55,151.07,157.27,150.64,10.49M,2.30%,X,Y
"Nov 30, 2019",151.95,154.57,155.19,150.45,8.79M,-1.68%,X,Y
"Dec 01, 2019",151.04,151.93,152.33,146.26,9.91M,-0.60%,X,Y
"Dec 02, 2019",148.89,151.06,151.63,147.49,9.18M,-1.43%,X,Y
"Dec 03, 2019",147.82,148.89,149.84,146.56,8.73M,-0.72%,X,Y
"Dec 04, 2019",145.79,147.81,151.02,143.95,12.85M,-1.37%,X,Y
"Dec 05, 2019",148.69,145.79,149.08,144.64,9.99M,1.99%,X,Y
"Dec 06, 2019",148.89,148.7,149.36,147.01,8.77M,0.13%,X,Y
"Dec 07, 2019",148.28,148.88,149.76,147.54,8.11M,-0.41%,X,Y
"Dec 08, 2019",151.17,148.25,152.22,147.09,9.28M,1.95%,X,Y
"Dec 09, 2019",147.88,151.17,151.75,147.02,9.67M,-2.18%,X,Y
"Dec 10, 2019",145.86,147.88,148.48,144.49,11.12M,-1.37%,X,Y
"Dec 11, 2019",143.51,145.88,146.57,142.53,10.93M,-1.61%,X,Y
"Dec 12, 2019",145.03,143.51,145.82,140,12.23M,1.06%,X,Y
"Dec 13, 2019",144.96,145.04,145.43,143.51,10.95M,-0.05%,X,Y
"Dec 14, 2019",142.03,144.95,145.17,141.4,11.15M,-2.02%,X,Y
"Dec 15, 2019",142.53,142.03,143.87,140.3,11.31M,0.35%,X,Y
"Dec 16, 2019",132.78,142.55,142.75,131,17.60M,-6.84%,X,Y
"Dec 17, 2019",122.06,132.78,132.96,120.63,17.04M,-8.07%,X,Y
"Dec 18, 2019",132.92,122.06,133.93,117.14,20.23M,8.89%,X,Y
"Dec 19, 2019",128.42,132.93,133.9,126.12,14.22M,-3.39%,X,Y
"Dec 20, 2019",128.7,128.42,129.66,126.31,12.29M,0.22%,X,Y
"Dec 21, 2019",127.61,128.69,128.79,126.85,9.64M,-0.85%,X,Y
"Dec 22, 2019",132.19,127.61,133.04,127.09,13.67M,3.59%,X,Y
"Dec 23, 2019",128.08,132.2,134.92,126.55,14.73M,-3.11%,X,Y
"Dec 24, 2019",128.05,128.07,129.77,127.07,11.44M,-0.02%,X,Y
"Dec 25, 2019",125.24,128.05,128.17,124.18,13.23M,-2.20%,X,Y
"Dec 26, 2019",125.93,125.24,132.12,124.53,15.55M,0.55%,X,Y
"Dec 27, 2019",126.41,125.92,127.04,123.18,12.25M,0.38%,X,Y
"Dec 28, 2019",128.35,126.4,129.73,125.98,12.13M,1.54%,X,Y
"Dec 29, 2019",134.4,128.35,137.74,127.67,15.69M,4.71%,X,Y
"Dec 30, 2019",131.83,134.4,136.16,130.91,12.47M,-1.91%,X,Y
"Dec 31, 2019",129.21,131.87,133.53,128.27,12.89M,-1.99%,X,Y
"Jan 01, 2020",130.75,129.21,132.97,128.81,10.35M,1.19%,X,Y
"Jan 02, 2020",127.19,130.75,130.77,126.74,11.45M,-2.72%,X,Y
"Jan 03, 2020",134.27,127.19,134.86,126.05,15.67M,5.56%,X,Y
"Jan 04, 2020",134.33,134.3,135.57,132.76,11.16M,0.04%,X,Y
"Jan 05, 2020",135.59,134.32,138.33,134.32,12.19M,0.94%,X,Y
"Jan 06, 2020",144.08,135.59,144.27,135.17,14.36M,6.26%,X,Y
"Jan 07, 2020",143.04,144.09,145.13,139.22,13.58M,-0.73%,X,Y
"Jan 08, 2020",140.81,143.01,147.55,137.61,13.71M,-1.56%,X,Y
"Jan 09, 2020",137.92,140.8,141.6,135.85,11.38M,-2.05%,X,Y
"Jan 10, 2020",144.81,137.93,144.86,135.69,13.37M,4.99%,X,Y
"Jan 11, 2020",142.67,144.81,147.68,142.23,12.46M,-1.48%,X,Y
"Jan 12, 2020",146.46,142.65,146.46,142,10.01M,2.66%,X,Y
"Jan 13, 2020",143.6,146.5,146.87,142.64,10.26M,-1.95%,X,Y
"Jan 14, 2020",166.07,143.59,169.73,143.59,22.85M,15.65%,X,Y
"Jan 15, 2020",166.45,166.07,166.45,159.74,16.66M,0.23%,X,Y
"Jan 16, 2020",164.36,166.44,167.18,159.08,16.24M,-1.26%,X,Y
"Jan 17, 2020",170.22,164.39,173.96,162.33,18.57M,3.57%,X,Y
"Jan 18, 2020",174.19,170.18,179.29,165.34,17.42M,2.33%,X,Y
"Jan 19, 2020",166.92,174.17,177.77,162.04,15.84M,-4.17%,X,Y
"Jan 20, 2020",166.87,166.92,169.24,161.61,11.30M,-0.03%,X,Y
"Jan 21, 2020",169.41,166.87,169.79,165.53,11.52M,1.52%,X,Y
"Jan 22, 2020",168.13,169.41,171.27,166.19,11.30M,-0.76%,X,Y
"Jan 23, 2020",162.8,168.15,168.25,159.78,14.86M,-3.17%,X,Y
"Jan 24, 2020",162.55,162.8,164.27,155.65,14.88M,-0.15%,X,Y
"Jan 25, 2020",160.44,162.56,162.72,157.87,9.63M,-1.29%,X,Y
"Jan 26, 2020",167.9,160.4,168,159.55,9.82M,4.65%,X,Y
"Jan 27, 2020",170.27,167.91,171.97,165.45,12.54M,1.41%,X,Y
"Jan 28, 2020",175.74,170.27,176.06,170.27,12.63M,3.21%,X,Y
"Jan 29, 2020",173.86,175.78,178.41,173.76,11.27M,-1.07%,X,Y
"Jan 30, 2020",184.59,173.86,186.76,171.2,13.02M,6.17%,X,Y
"Jan 31, 2020",179.91,184.6,185.67,175.46,11.77M,-2.54%,X,Y
"Feb 01, 2020",183.64,179.88,184.17,179.36,13.24M,2.08%,X,Y
"Feb 02, 2020",188.5,183.58,193.25,179.49,14.54M,2.65%,X,Y
"Feb 03, 2020",189.79,188.48,194.92,187.16,11.95M,0.69%,X,Y
"Feb 04, 2020",188.93,189.8,191.48,188.93,11.56M,-0.45%,X,Y
"Feb 05, 2020",203.83,188.94,207.51,188.26,14.67M,7.89%,X,Y
"Feb 06, 2020",213.16,203.84,216.14,201.29,16.44M,4.58%,X,Y
"Feb 07, 2020",223.51,213.15,224.53,213.14,16.73M,4.86%,X,Y
"Feb 08, 2020",223.23,223.47,227.55,213.75,15.98M,-0.13%,X,Y
"Feb 09, 2020",228.59,223.23,230.38,223.07,14.28M,2.40%,X,Y
"Feb 10, 2020",222.95,228.61,229.28,217.02,16.50M,-2.47%,X,Y
"Feb 11, 2020",236.76,222.94,238.61,218.22,17.39M,6.19%,X,Y
"Feb 12, 2020",265.58,236.75,274.89,236.73,23.79M,12.18%,X,Y
"Feb 13, 2020",268.75,265.59,277.39,257.09,25.05M,1.19%,X,Y
"Feb 14, 2020",285.25,268.71,286.34,260.78,19.99M,6.14%,X,Y
"Feb 15, 2020",264.87,285.17,287.93,262.45,22.26M,-7.15%,X,Y
"Feb 16, 2020",259.99,264.87,273.81,237.89,24.82M,-1.84%,X,Y
"Feb 17, 2020",267.63,259.92,268.45,242.11,25.61M,2.94%,X,Y
"Feb 18, 2020",282.26,267.71,285.59,259.3,24.15M,5.46%,X,Y
"Feb 19, 2020",259.12,282.33,285.75,253.88,20.76M,-8.20%,X,Y
"Feb 20, 2020",257.39,259.07,264.22,246.46,22.07M,-0.67%,X,Y
"Feb 21, 2020",265.11,257.32,267.8,254.15,17.46M,3.00%,X,Y
"Feb 22, 2020",261.64,265.14,266.71,256.97,13.40M,-1.31%,X,Y
"Feb 23, 2020",274.72,261.65,275.3,261.24,16.04M,5.00%,X,Y
"Feb 24, 2020",265.65,274.72,276.81,258.15,19.96M,-3.30%,X,Y
"Feb 25, 2020",246.96,265.63,266.17,245.75,20.31M,-7.04%,X,Y
"Feb 26, 2020",224.3,246.97,250.05,216.39,29.55M,-9.18%,X,Y
"Feb 27, 2020",227.53,224.3,238.07,210.36,28.83M,1.44%,X,Y
"Feb 28, 2020",226.93,227.6,234.55,214.47,24.11M,-0.26%,X,Y
"Feb 29, 2020",217.52,226.94,232.87,217.43,16.34M,-4.15%,X,Y
"Mar 01, 2020",217.99,217.51,227.44,213,17.17M,0.21%,X,Y
"Mar 02, 2020",231.87,217.96,234.24,216.23,18.12M,6.37%,X,Y
"Mar 03, 2020",223.94,231.9,232.37,220.34,18.48M,-3.42%,X,Y
"Mar 04, 2020",224.38,223.94,228.66,220.74,14.65M,0.20%,X,Y
"Mar 05, 2020",228.45,224.36,233.96,224.34,17.82M,1.81%,X,Y
"Mar 06, 2020",244.9,228.46,244.98,227.71,17.74M,7.20%,X,Y
"Mar 07, 2020",237.32,244.87,251.55,236.87,16.90M,-3.10%,X,Y
"Mar 08, 2020",199.16,237.3,237.3,196.71,24.76M,-16.08%,X,Y
"Mar 09, 2020",202.85,199.21,208.23,190.73,30.27M,1.85%,X,Y
"Mar 10, 2020",200.56,202.88,205.62,196.17,21.87M,-1.13%,X,Y
"Mar 11, 2020",194.58,200.61,202.96,182.15,21.26M,-2.98%,X,Y
"Mar 12, 2020",107.9,194.57,195.4,102.83,53.51M,-44.55%,X,Y
"Mar 13, 2020",133.99,107.87,138.86,88.5,60.70M,24.18%,X,Y
"Mar 14, 2020",122.69,134.02,134.58,121.27,26.83M,-8.43%,X,Y
"Mar 15, 2020",124.35,122.67,132.13,120.93,26.24M,1.35%,X,Y
"Mar 16, 2020",111.02,124.35,124.38,102.44,40.25M,-10.72%,X,Y
"Mar 17, 2020",116.06,111.06,120.6,109.67,27.09M,4.54%,X,Y
"Mar 18, 2020",117.77,115.95,117.91,110.16,25.80M,1.47%,X,Y
"Mar 19, 2020",135.43,117.76,141.05,115.59,33.78M,15.00%,X,Y
"Mar 20, 2020",133.32,135.43,151.85,118.07,38.74M,-1.56%,X,Y
"Mar 21, 2020",132.58,133.32,137.33,126.01,27.00M,-0.56%,X,Y
"Mar 22, 2020",122.41,132.59,136.86,121.37,25.25M,-7.67%,X,Y
"Mar 23, 2020",136.02,122.46,136.93,120.2,28.62M,11.12%,X,Y
"Mar 24, 2020",138.62,136,142.9,132.67,27.10M,1.91%,X,Y
"Mar 25, 2020",136.07,138.59,141.88,133.06,24.15M,-1.84%,X,Y
"Mar 26, 2020",138.38,136.08,139.22,133.69,17.71M,1.70%,X,Y
"Mar 27, 2020",131.74,138.38,140.99,131.09,18.18M,-4.80%,X,Y
"Mar 28, 2020",131.03,131.74,132.68,125.48,21.03M,-0.54%,X,Y
"Mar 29, 2020",125.24,131.02,131.74,124.84,16.33M,-4.42%,X,Y
"Mar 30, 2020",132.15,125.24,134.72,125.02,20.71M,5.52%,X,Y
"Mar 31, 2020",132.86,132.15,135.14,130.54,17.30M,0.54%,X,Y
"Apr 01, 2020",135.66,132.88,136.56,128.93,19.45M,2.10%,X,Y
"Apr 02, 2020",141.3,135.65,148.91,135.26,29.42M,4.16%,X,Y
"Apr 03, 2020",141.14,141.29,146.46,138.01,23.34M,-0.11%,X,Y
"Apr 04, 2020",144.01,141.13,145.71,139.36,19.75M,2.03%,X,Y
"Apr 05, 2020",142.58,144.03,145.26,140.84,18.17M,-0.99%,X,Y
"Apr 06, 2020",171.06,142.58,171.24,142.55,37.89M,19.97%,X,Y
"Apr 07, 2020",164.71,171.07,175.78,162.75,35.79M,-3.71%,X,Y
"Apr 08, 2020",173,164.71,174.23,163.73,24.31M,5.03%,X,Y
"Apr 09, 2020",169.68,173.01,173.2,165.91,20.66M,-1.92%,X,Y
"Apr 10, 2020",157.86,169.67,170.1,152.52,28.35M,-6.97%,X,Y
"Apr 11, 2020",158.18,157.85,161.37,154.01,19.07M,0.20%,X,Y
"Apr 12, 2020",158.73,158.18,164.75,155.17,22.60M,0.35%,X,Y
"Apr 13, 2020",156.38,158.76,158.85,150.6,25.30M,-1.48%,X,Y
"Apr 14, 2020",158.45,156.36,161.57,155.52,21.20M,1.33%,X,Y
"Apr 15, 2020",152.9,158.43,161.06,152.44,20.70M,-3.50%,X,Y
"Apr 16, 2020",172.31,152.9,174.28,148.91,32.99M,12.69%,X,Y
"Apr 17, 2020",170.63,172.32,174.52,168.55,20.05M,-0.97%,X,Y
"Apr 18, 2020",187.45,170.63,189.22,170.61,24.75M,9.85%,X,Y
"Apr 19, 2020",180.13,187.47,188.23,177.24,23.27M,-3.90%,X,Y
"Apr 20, 2020",170.4,180.12,186.24,167.51,33.68M,-5.40%,X,Y
"Apr 21, 2020",170.79,170.37,174.48,168.31,23.63M,0.23%,X,Y
"Apr 22, 2020",182.72,170.79,183.71,169.93,23.81M,6.99%,X,Y
"Apr 23, 2020",185.46,182.72,192.4,178.54,28.73M,1.50%,X,Y
"Apr 24, 2020",187.58,185.48,189.33,185.19,19.84M,1.14%,X,Y
"Apr 25, 2020",194.01,187.57,197.35,186.03,21.87M,3.43%,X,Y
"Apr 26, 2020",197.35,194.01,199.3,192.52,23.13M,1.72%,X,Y
"Apr 27, 2020",196.14,197.35,198.8,190.87,23.33M,-0.61%,X,Y
"Apr 28, 2020",196.55,196.13,197.51,192.47,21.81M,0.21%,X,Y
"Apr 29, 2020",215.4,196.55,218.32,196.45,32.87M,9.59%,X,Y
"Apr 30, 2020",206.22,215.42,227.05,202.59,35.46M,-4.26%,X,Y
"May 01, 2020",212,206.23,216.99,206.06,23.08M,2.80%,X,Y
"May 02, 2020",213.96,212,215.15,210.51,18.31M,0.92%,X,Y
"May 03, 2020",209.83,213.96,218.74,205.5,23.12M,-1.93%,X,Y
"May 04, 2020",206.61,209.85,210.63,195.25,27.21M,-1.53%,X,Y
"May 05, 2020",205.36,206.59,211.33,201.75,21.05M,-0.61%,X,Y
"May 06, 2020",199.04,205.36,210.62,198.79,24.03M,-3.08%,X,Y
"May 07, 2020",212,199.05,214,197.36,26.71M,6.51%,X,Y
"May 08, 2020",211.45,212,216.44,207.25,23.08M,-0.26%,X,Y
"May 09, 2020",210.22,211.47,214.5,208.83,20.90M,-0.58%,X,Y
"May 10, 2020",187.78,210.19,210.19,180.7,35.98M,-10.68%,X,Y
"May 11, 2020",185.96,187.77,193.26,177.43,26.74M,-0.97%,X,Y
"May 12, 2020",189.84,185.82,192.04,185.68,15.58M,2.09%,X,Y
"May 13, 2020",199.58,189.82,200.82,188.59,17.47M,5.13%,X,Y
"May 14, 2020",203.3,199.58,205.82,196.21,20.75M,1.86%,X,Y
"May 15, 2020",194.85,203.29,204.02,192.61,16.62M,-4.15%,X,Y
"May 16, 2020",200.51,194.85,203.12,193.48,15.52M,2.91%,X,Y
"May 17, 2020",207,200.51,209.79,199.77,15.78M,3.23%,X,Y
"May 18, 2020",214.87,207,217,207,17.73M,3.80%,X,Y
"May 19, 2020",214.51,214.88,215.75,209.79,13.96M,-0.17%,X,Y
"May 20, 2020",209.99,214.52,215.28,207.03,12.19M,-2.11%,X,Y
"May 21, 2020",198.75,210,211.58,192.11,14.36M,-5.35%,X,Y
"May 22, 2020",207.35,198.75,209.04,196.68,12.13M,4.33%,X,Y
"May 23, 2020",206.62,207.35,211.03,204.97,9.91M,-0.35%,X,Y
"May 24, 2020",199.97,206.65,210.4,199.97,11.89M,-3.22%,X,Y
"May 25, 2020",204.13,199.99,205.52,198.57,10.63M,2.08%,X,Y
"May 26, 2020",201,204.13,204.9,197.3,10.44M,-1.53%,X,Y
"May 27, 2020",208.18,200.99,208.18,200.85,10.28M,3.57%,X,Y
"May 28, 2020",220.18,208.2,220.33,204.79,12.51M,5.77%,X,Y
"May 29, 2020",220.66,220.14,224.52,217.84,12.36M,0.21%,X,Y
"May 30, 2020",243.63,220.66,246.55,218.86,14.34M,10.41%,X,Y
"May 31, 2020",231.81,243.63,245.33,230.31,12.43M,-4.85%,X,Y
"Jun 01, 2020",247.97,231.8,249.81,230.85,11.97M,6.97%,X,Y
"Jun 02, 2020",237.94,248.01,253.21,227.95,12.69M,-4.05%,X,Y
"Jun 03, 2020",244.52,237.9,244.76,233.84,8.15M,2.77%,X,Y
"Jun 04, 2020",243.37,244.53,246.41,236.68,8.75M,-0.47%,X,Y
"Jun 05, 2020",240.23,243.37,247.5,239.7,7.75M,-1.29%,X,Y
"Jun 06, 2020",242,240.27,244.43,238.38,6.62M,0.73%,X,Y
"Jun 07, 2020",244.56,242,244.94,235.44,8.10M,1.06%,X,Y
"Jun 08, 2020",246.18,244.56,247.11,241.3,6.55M,0.66%,X,Y
"Jun 09, 2020",243.82,246.19,249.45,240.18,6.86M,-0.96%,X,Y
"Jun 10, 2020",247.78,243.82,249.51,242.54,7.63M,1.62%,X,Y
"Jun 11, 2020",230.71,247.79,249.77,227.01,12.40M,-6.89%,X,Y
"Jun 12, 2020",237.54,230.72,239.23,228.62,7.34M,2.96%,X,Y
"Jun 13, 2020",238.22,237.55,238.61,234.86,5.27M,0.29%,X,Y
"Jun 14, 2020",232.02,238.23,238.48,230.52,5.78M,-2.60%,X,Y
"Jun 15, 2020",230.93,231.99,233.34,219.06,10.18M,-0.47%,X,Y
"Jun 16, 2020",235.36,230.92,235.95,228.99,7.03M,1.92%,X,Y
"Jun 17, 2020",233.88,235.37,236.55,228.63,5.94M,-0.63%,X,Y
"Jun 18, 2020",231.34,233.85,234.69,228.13,4.96M,-1.09%,X,Y
"Jun 19, 2020",229.11,231.34,231.94,226.97,5.56M,-0.97%,X,Y
"Jun 20, 2020",228.86,229.11,230.96,226.28,4.54M,-0.11%,X,Y
"Jun 21, 2020",228.13,228.87,231.18,227.38,4.10M,-0.32%,X,Y
"Jun 22, 2020",243.25,228.11,246.39,227.69,7.93M,6.63%,X,Y
"Jun 23, 2020",243.2,243.24,244.77,240.94,5.16M,-0.02%,X,Y
"Jun 24, 2020",234.75,243.2,249.23,231.56,9.13M,-3.47%,X,Y
"Jun 25, 2020",232.56,234.75,235.29,227.99,6.48M,-0.93%,X,Y
"Jun 26, 2020",229.67,232.57,233.5,228.16,6.96M,-1.24%,X,Y
"Jun 27, 2020",221.06,229.72,231.3,217.11,7.21M,-3.75%,X,Y
"Jun 28, 2020",225.09,221.07,227.74,218.46,5.91M,1.82%,X,Y
"Jun 29, 2020",227.87,225.09,229.83,221.6,6.80M,1.24%,X,Y
"Jun 30, 2020",225.63,227.88,228.57,223.23,5.60M,-0.99%,X,Y
"Jul 01, 2020",230.95,225.61,232.47,224.33,6.31M,2.36%,X,Y
"Jul 02, 2020",226.42,230.96,232.04,223.53,7.28M,-1.96%,X,Y
"Jul 03, 2020",225.12,226.42,228.14,224.77,5.20M,-0.57%,X,Y
"Jul 04, 2020",229.15,225.09,230.4,224.8,5.45M,1.79%,X,Y
"Jul 05, 2020",227.98,229.09,229.8,223.79,5.41M,-0.51%,X,Y
"Jul 06, 2020",241.56,227.95,241.64,227.1,9.45M,5.96%,X,Y
"Jul 07, 2020",239.25,241.56,243.43,234.92,6.26M,-0.95%,X,Y
"Jul 08, 2020",246.99,239.26,248.76,238,12.98M,3.24%,X,Y
"Jul 09, 2020",242.02,246.93,247.63,238.28,9.02M,-2.01%,X,Y
"Jul 10, 2020",241.26,242.01,242.17,236.19,6.84M,-0.32%,X,Y
"Jul 11, 2020",239.2,241.21,241.64,237.76,6.42M,-0.85%,X,Y
"Jul 12, 2020",242.75,239.2,243.79,236.91,6.81M,1.48%,X,Y
"Jul 13, 2020",239.73,242.84,245.04,237.71,8.32M,-1.24%,X,Y
"Jul 14, 2020",240.5,239.75,242.08,237.21,7.07M,0.32%,X,Y
"Jul 15, 2020",238.62,240.49,241.36,237.04,7.35M,-0.78%,X,Y
"Jul 16, 2020",233.65,238.62,239.47,230.44,6.63M,-2.08%,X,Y
"Jul 17, 2020",232.75,233.65,234.53,231.84,5.88M,-0.39%,X,Y
"Jul 18, 2020",235.75,232.77,236.83,232.4,5.79M,1.29%,X,Y
"Jul 19, 2020",239.01,235.72,239.7,233.35,6.61M,1.38%,X,Y
"Jul 20, 2020",236.1,239.03,239.71,234.51,5.36M,-1.22%,X,Y
"Jul 21, 2020",245.53,236.1,246.49,235.67,6.29M,3.99%,X,Y
"Jul 22, 2020",263.28,245.54,266.42,241.89,6.68M,7.23%,X,Y
"Jul 23, 2020",275.34,263.29,279.53,260.7,8.79M,4.58%,X,Y
"Jul 24, 2020",279.33,275.33,287.01,268.54,7.17M,1.45%,X,Y
"Jul 25, 2020",305.32,279.33,308.57,279.33,8.59M,9.30%,X,Y
"Jul 26, 2020",311.13,305.32,318.54,300.33,9.19M,1.90%,X,Y
"Jul 27, 2020",321.8,311.12,332.57,311.04,13.73M,3.43%,X,Y
"Jul 28, 2020",316.96,321.82,326.53,306.4,9.91M,-1.50%,X,Y
"Jul 29, 2020",317.82,316.95,324.93,312.64,8.72M,0.27%,X,Y
"Jul 30, 2020",334.87,317.79,341.11,314.83,9.07M,5.36%,X,Y
"Jul 31, 2020",346.51,334.84,349.34,329.02,8.69M,3.48%,X,Y
"Aug 01, 2020",387.14,346.48,392.37,343.33,11.03M,11.73%,X,Y
"Aug 02, 2020",372.08,387.15,415.08,335.76,16.38M,-3.89%,X,Y
"Aug 03, 2020",385.8,372.26,397.73,368.46,9.92M,3.69%,X,Y
"Aug 04, 2020",389.62,385.86,402.01,381.3,9.84M,0.99%,X,Y
"Aug 05, 2020",400.79,389.62,406.92,384.84,8.74M,2.87%,X,Y
"Aug 06, 2020",394.83,400.8,403.18,391.67,7.92M,-1.49%,X,Y
"Aug 07, 2020",379.57,394.8,398.14,366.44,8.34M,-3.86%,X,Y
"Aug 08, 2020",396.76,379.57,396.77,376.38,4.94M,4.53%,X,Y
"Aug 09, 2020",390.23,396.78,399.93,384.31,4.97M,-1.65%,X,Y
"Aug 10, 2020",395.53,390.22,399.05,386.45,8.01M,1.36%,X,Y
"Aug 11, 2020",379.01,395.52,398.13,367.38,9.44M,-4.18%,X,Y
"Aug 12, 2020",387.12,379.03,389.21,367.05,8.59M,2.14%,X,Y
"Aug 13, 2020",424.31,387.15,430.33,377.57,12.04M,9.61%,X,Y
"Aug 14, 2020",438.03,424.28,443.74,418.37,8.67M,3.23%,X,Y
"Aug 15, 2020",432.18,438.04,442.7,428.75,7.27M,-1.34%,X,Y
"Aug 16, 2020",433.63,432.22,436.58,413.22,7.02M,0.34%,X,Y
"Aug 17, 2020",430.56,433.62,444.86,420.71,7.83M,-0.71%,X,Y
"Aug 18, 2020",422.16,430.63,433.65,415.45,8.18M,-1.95%,X,Y
"Aug 19, 2020",407.44,422.1,426.65,394.51,8.44M,-3.49%,X,Y
"Aug 20, 2020",416.05,407.39,418.92,402.8,6.23M,2.11%,X,Y
"Aug 21, 2020",387.99,416.05,418.72,385.21,7.62M,-6.75%,X,Y
"Aug 22, 2020",395.56,388.06,396.87,379.96,6.73M,1.95%,X,Y
"Aug 23, 2020",390.5,395.56,396.96,383.42,5.36M,-1.28%,X,Y
"Aug 24, 2020",407.7,390.81,410.17,387.62,6.69M,4.40%,X,Y
"Aug 25, 2020",383.2,407.64,409.02,370.4,8.28M,-6.01%,X,Y
"Aug 26, 2020",385.96,383.16,392.61,377.63,6.69M,0.72%,X,Y
"Aug 27, 2020",383.11,385.96,396.48,372.53,7.03M,-0.74%,X,Y
"Aug 28, 2020",395.11,383.16,397.64,379.8,6.16M,3.13%,X,Y
"Aug 29, 2020",398.8,395.32,405.53,391.97,5.23M,0.93%,X,Y
"Aug 30, 2020",428.86,398.8,429.59,398.47,6.67M,7.54%,X,Y
"Aug 31, 2020",433.9,428.81,438.71,418.35,7.89M,1.18%,X,Y
"Sep 01, 2020",475.8,433.89,488.24,429.65,10.42M,9.65%,X,Y
"Sep 02, 2020",439.08,475.72,480.96,423.26,30.14M,-7.72%,X,Y
"Sep 03, 2020",381.97,439.14,466.4,376.99,33.59M,-13.01%,X,Y
"Sep 04, 2020",385.94,381.97,399.58,368.22,25.20M,1.04%,X,Y
"Sep 05, 2020",334.91,385.94,394.12,314.13,35.32M,-13.22%,X,Y
"Sep 06, 2020",353.49,334.91,358.09,316.69,20.13M,5.55%,X,Y
"Sep 07, 2020",352.06,353.49,357.33,325.47,21.69M,-0.40%,X,Y
"Sep 08, 2020",337.46,352.06,355.69,326.66,18.98M,-4.15%,X,Y
"Sep 09, 2020",351.1,337.46,358.33,331.12,14.07M,4.04%,X,Y
"Sep 10, 2020",367.92,351.1,376.92,350.86,16.50M,4.79%,X,Y
"Sep 11, 2020",373.72,367.89,374.41,356.38,12.53M,1.58%,X,Y
"Sep 12, 2020",387.98,373.74,388.12,366.05,11.49M,3.82%,X,Y
"Sep 13, 2020",365.71,388.06,389.51,353.85,10.38M,-5.74%,X,Y
"Sep 14, 2020",376.7,365.89,383.99,357.54,10.34M,3.01%,X,Y
"Sep 15, 2020",364.01,376.7,381.67,362.4,9.06M,-3.37%,X,Y
"Sep 16, 2020",364.88,363.91,372.88,355.18,9.06M,0.24%,X,Y
"Sep 17, 2020",388.97,364.75,393.96,363.54,12.85M,6.60%,X,Y
"Sep 18, 2020",384.2,389.37,392.21,375.81,8.95M,-1.23%,X,Y
"Sep 19, 2020",385.25,384.25,386.99,377.63,6.74M,0.27%,X,Y
"Sep 20, 2020",371.12,385.33,385.39,365.48,7.30M,-3.67%,X,Y
"Sep 21, 2020",341.3,371.09,375.34,331.41,11.41M,-8.03%,X,Y
"Sep 22, 2020",344.03,341.32,346.19,336.15,9.29M,0.80%,X,Y
"Sep 23, 2020",319.95,343.96,344.12,315.54,13.88M,-7.00%,X,Y
"Sep 24, 2020",349.17,319.97,352.6,317.27,9.40M,9.13%,X,Y
"Sep 25, 2020",351.63,349.13,357.8,338.01,8.47M,0.70%,X,Y
"Sep 26, 2020",354.25,351.62,355.87,346.95,6.48M,0.75%,X,Y
"Sep 27, 2020",357.23,354.26,362,347.51,6.35M,0.84%,X,Y
"Sep 28, 2020",354.08,357.42,367.63,352.57,7.77M,-0.88%,X,Y
"Sep 29, 2020",359.86,353.97,360.66,351.48,6.26M,1.63%,X,Y
"Sep 30, 2020",359.39,359.77,360.94,352.81,5.43M,-0.13%,X,Y
"Oct 01, 2020",353.07,359.5,369.1,345.66,7.93M,-1.76%,X,Y
"Oct 02, 2020",345.68,353.06,353.61,335.91,7.27M,-2.09%,X,Y
"Oct 03, 2020",345.6,345.78,351.04,343.74,4.48M,-0.02%,X,Y
"Oct 04, 2020",352.73,345.6,353.97,344.03,4.77M,2.06%,X,Y
"Oct 05, 2020",353.28,352.69,354.86,348.76,4.96M,0.16%,X,Y
"Oct 06, 2020",340.61,353.53,354.9,337.21,7.32M,-3.59%,X,Y
"Oct 07, 2020",341.48,340.59,342.68,334.11,5.77M,0.26%,X,Y
"Oct 08, 2020",350.83,341.66,352.95,334.79,6.85M,2.74%,X,Y
"Oct 09, 2020",365.28,350.71,368.19,347.82,7.85M,4.12%,X,Y
"Oct 10, 2020",370.16,365.25,377.97,364.57,7.17M,1.34%,X,Y
"Oct 11, 2020",374.19,370.28,377.27,369.23,5.22M,1.09%,X,Y
"Oct 12, 2020",386.68,374.39,394.58,366.05,10.39M,3.34%,X,Y
"Oct 13, 2020",381.23,386.64,387.06,374.57,7.92M,-1.41%,X,Y
"Oct 14, 2020",379.15,381.13,387.11,373.62,8.08M,-0.55%,X,Y
"Oct 15, 2020",377.45,378.96,380.77,370.39,7.93M,-0.45%,X,Y
"Oct 16, 2020",365.17,377.6,379.6,362.65,7.59M,-3.25%,X,Y
"Oct 17, 2020",368.63,365.08,369.94,363.18,4.98M,0.95%,X,Y
"Oct 18, 2020",377.81,368.61,378.49,367.54,4.68M,2.49%,X,Y
"Oct 19, 2020",379.19,377.85,383.97,372.72,6.85M,0.37%,X,Y
"Oct 20, 2020",368.35,379.03,380.14,367.16,7.46M,-2.86%,X,Y
"Oct 21, 2020",391.2,368.53,400.36,368.06,13.61M,6.20%,X,Y
"Oct 22, 2020",414.05,391.39,420.12,391.21,12.65M,5.84%,X,Y
"Oct 23, 2020",408.52,414.12,419.11,402.91,8.18M,-1.33%,X,Y
"Oct 24, 2020",411.92,408.59,416.28,407.74,2.68M,0.83%,X,Y
"Oct 25, 2020",406.09,412.44,417.07,403.95,3.05M,-1.42%,X,Y
"Oct 26, 2020",394.11,406.45,410.41,383.21,9.06M,-2.95%,X,Y
"Oct 27, 2020",403.15,393.93,409.85,390.92,6.29M,2.29%,X,Y
"Oct 28, 2020",388.14,403.11,408.1,381.51,9.96M,-3.72%,X,Y
"Oct 29, 2020",386.76,388.25,393.33,381.53,3.04M,-0.35%,X,Y
"Oct 30, 2020",382.41,387.16,391.98,374.36,2.81M,-1.13%,X,Y
"Oct 31, 2020",386.42,382.81,394.01,380.53,6.42M,1.05%,X,Y
"Nov 01, 2020",396.29,386.36,397.32,384.94,5.52M,2.55%,X,Y
"Nov 02, 2020",383.53,396.45,404.04,379.13,9.43M,-3.22%,X,Y
"Nov 03, 2020",387.92,383.64,389.98,370.96,6.73M,1.14%,X,Y
"Nov 04, 2020",402.19,388.23,407.9,377.22,6.17M,3.68%,X,Y
"Nov 05, 2020",416.63,402.5,419.94,396.46,7.04M,3.59%,X,Y
"Nov 06, 2020",455.72,416.59,457.79,415.08,6.53M,9.38%,X,Y
"Nov 07, 2020",435.4,455.78,467.88,425.57,7.78M,-4.46%,X,Y
"Nov 08, 2020",454.68,435.39,460.09,432.44,4.82M,4.43%,X,Y
"Nov 09, 2020",444.33,454.55,458.51,434.95,28.85M,-2.28%,X,Y
"Nov 10, 2020",450.22,444.38,454.43,439.5,20.76M,1.33%,X,Y
"Nov 11, 2020",463.33,450.26,476.08,449.51,15.13M,2.91%,X,Y
"Nov 12, 2020",462.56,463.33,469.57,452.44,9.33M,-0.17%,X,Y
"Nov 13, 2020",476.29,462.61,477.78,457.65,9.85M,2.97%,X,Y
"Nov 14, 2020",460.7,476.38,477.34,452.6,9.17M,-3.27%,X,Y
"Nov 15, 2020",448.23,460.75,462.93,440.44,9.34M,-2.71%,X,Y
"Nov 16, 2020",460.43,448.18,465.97,445.82,5.62M,2.72%,X,Y
"Nov 17, 2020",481.95,460.37,484.59,459.74,7.93M,4.67%,X,Y
"Nov 18, 2020",478.52,482.05,495.04,459.92,18.19M,-0.71%,X,Y
"Nov 19, 2020",471.21,478.55,480.55,465.41,12.53M,-1.53%,X,Y
"Nov 20, 2020",509.98,471.27,513.06,471.06,30.85M,8.23%,X,Y
"Nov 21, 2020",551.91,509.94,552.13,505.14,26.86M,8.22%,X,Y
"Nov 22, 2020",559.4,551.9,580,514.44,36.76M,1.36%,X,Y
"Nov 23, 2020",609.22,559.37,610.33,551.8,49.68M,8.91%,X,Y
"Nov 24, 2020",605.03,609.2,621.7,589.56,41.11M,-0.69%,X,Y
"Nov 25, 2020",569.67,605.01,605.63,555.32,14.50M,-5.84%,X,Y
"Nov 26, 2020",519.32,569.69,577.08,484.03,13.11M,-8.84%,X,Y
"Nov 27, 2020",518.11,519.69,530.41,494.65,6.42M,-0.23%,X,Y
"Nov 28, 2020",537.74,518.7,547.94,506.97,5.34M,3.79%,X,Y
"Nov 29, 2020",575.45,537.89,576.52,530.71,5.79M,7.01%,X,Y
"Nov 30, 2020",615.92,575.35,615.97,571.04,51.72M,7.03%,X,Y
"Dec 01, 2020",585.66,616.78,635.66,567.79,49.42M,-4.91%,X,Y
"Dec 02, 2020",598.05,585.69,604.34,575.24,16.21M,2.12%,X,Y
"Dec 03, 2020",616.32,597.94,622.1,587.15,24.00M,3.06%,X,Y
"Dec 04, 2020",567.91,616.33,619.61,566.34,48.95M,-7.85%,X,Y
"Dec 05, 2020",596.68,567.84,596.73,561.24,30.83M,5.07%,X,Y
"Dec 06, 2020",601.68,596.61,606.9,583.67,13.14M,0.84%,X,Y
"Dec 07, 2020",591.09,601.54,603.06,584.53,7.72M,-1.76%,X,Y
"Dec 08, 2020",555.05,591.03,594.78,551.08,8.11M,-6.10%,X,Y
"Dec 09, 2020",573.21,554.95,577.94,530.88,9.10M,3.27%,X,Y
"Dec 10, 2020",558.13,573.28,575.56,548.99,19.60M,-2.63%,X,Y
"Dec 11, 2020",544.17,558.15,560.28,536.43,30.17M,-2.50%,X,Y
"Dec 12, 2020",567.78,544.16,573.59,543.9,1.62M,4.34%,X,Y
"Dec 13, 2020",591.09,568.07,594.83,563.37,2.03M,4.10%,X,Y
"Dec 14, 2020",586.19,590.66,591.41,576.01,1.78M,-0.83%,X,Y
"Dec 15, 2020",588.91,586.22,596.97,579.95,1.74M,0.46%,X,Y
"Dec 16, 2020",637.38,588.81,638.18,580.9,3.11M,8.23%,X,Y
"Dec 17, 2020",643.17,637.29,675.68,627.36,3.67M,0.91%,X,Y
"Dec 18, 2020",653.85,643.28,664.26,630.44,2.63M,1.66%,X,Y
"Dec 19, 2020",658.17,654.08,669.54,645.91,2.17M,0.66%,X,Y
"Dec 20, 2020",638.26,657.79,661.04,622.39,2.11M,-3.02%,X,Y
"Dec 21, 2020",607.85,638.28,647.87,599.97,1.88M,-4.77%,X,Y
"Dec 22, 2020",637.47,607.86,637.47,588.24,2.12M,4.87%,X,Y
"Dec 23, 2020",585.69,637.04,638.11,554.09,2.20M,-8.12%,X,Y
"Dec 24, 2020",612.34,585.47,614.92,566.15,1.72M,4.55%,X,Y
"Dec 25, 2020",626.93,612.38,633.9,605.01,1.70M,2.38%,X,Y
"Dec 26, 2020",636.58,626.99,652.36,616.04,1.94M,1.54%,X,Y
"Dec 27, 2020",683.71,636.35,715.46,627.12,2.31M,7.40%,X,Y
"Dec 28, 2020",730.05,683.76,747.86,682.47,2.75M,6.78%,X,Y
"Dec 29, 2020",731.76,730.26,739.77,690.24,1.82M,0.23%,X,Y
"Dec 30, 2020",751.8,732.04,757.11,720.21,1.86M,2.74%,X,Y
"Dec 31, 2020",735.94,751.92,755.13,724.67,1.04M,-2.11%,X,Y
"Jan 01, 2021",729.12,735.87,748.96,715.74,1.64M,-0.93%,X,Y
"Jan 02, 2021",774.5,729,787.26,715.15,2.25M,6.22%,X,Y
"Jan 03, 2021",974.97,774.54,1008.49,769.57,4.02M,25.88%,X,Y
"Jan 04, 2021",1042.4,977.76,1158.27,894.24,5.19M,6.92%,X,Y
"Jan 05, 2021",1099.52,1042.48,1131.56,976.91,3.25M,5.48%,X,Y
"Jan 06, 2021",1207.77,1099.77,1210.78,1060.67,3.75M,9.85%,X,Y
"Jan 07, 2021",1224.35,1208.71,1286.81,1153.09,2.71M,1.37%,X,Y
"Jan 08, 2021",1215.73,1224.33,1271.08,1069.25,2.71M,-0.70%,X,Y
"Jan 09, 2021",1275.58,1215.92,1301.75,1172.39,1.99M,4.92%,X,Y
"Jan 10, 2021",1256.04,1275.87,1347.98,1180.45,2.65M,-1.53%,X,Y
"Jan 11, 2021",1091.47,1255.84,1257.3,917.96,4.19M,-13.10%,X,Y
"Jan 12, 2021",1050.19,1086.96,1149.19,1008.28,3.09M,-3.78%,X,Y
"Jan 13, 2021",1128.46,1050.2,1134.66,990.96,2.25M,7.45%,X,Y
"Jan 14, 2021",1226.17,1128.8,1246.52,1088.52,1.55M,8.66%,X,Y
"Jan 15, 2021",1171.68,1233.34,1256.13,1079.19,2.85M,-4.44%,X,Y
"Jan 16, 2021",1228.27,1172.12,1290.92,1154.04,2.29M,4.83%,X,Y
"Jan 17, 2021",1232.64,1228.33,1269.01,1168.39,2.15M,0.36%,X,Y
"Jan 18, 2021",1258.06,1233.93,1260.3,1184.15,1.73M,2.06%,X,Y
"Jan 19, 2021",1372,1258.1,1437.42,1252.36,2.27M,9.06%,X,Y
"Jan 20, 2021",1377.53,1372,1406.56,1237.27,3.05M,0.40%,X,Y
"Jan 21, 2021",1117.33,1377.63,1387.39,1095.26,2.76M,-18.89%,X,Y
"Jan 22, 2021",1234.58,1118.01,1272.85,1045.02,2.94M,10.49%,X,Y
"Jan 23, 2021",1233.4,1234.34,1271.65,1196.94,1.46M,-0.10%,X,Y
"Jan 24, 2021",1390.28,1233.41,1398,1222.14,2.30M,12.72%,X,Y
"Jan 25, 2021",1317.9,1390.69,1474.68,1298.13,2.77M,-5.21%,X,Y
"Jan 26, 2021",1366.27,1317.67,1377.94,1246.45,2.56M,3.67%,X,Y
"Jan 27, 2021",1247.62,1366.14,1372.31,1210.4,2.90M,-8.68%,X,Y
"Jan 28, 2021",1328.47,1247.67,1359.51,1221.15,814.31K,6.48%,X,Y
"Jan 29, 2021",1379.3,1329.16,1436.27,1288.26,3.33M,3.83%,X,Y
"Jan 30, 2021",1376.96,1379.78,1405.78,1327.66,1.59M,-0.17%,X,Y
"Jan 31, 2021",1312.73,1377.05,1380.04,1282.41,1.54M,-4.67%,X,Y
"Feb 01, 2021",1373.4,1312.69,1376.44,1272.09,1.65M,4.62%,X,Y
"Feb 02, 2021",1511.36,1373.31,1546.88,1361.63,2.73M,10.04%,X,Y
"Feb 03, 2021",1664.34,1511.96,1667.93,1510.27,2.27M,10.12%,X,Y
"Feb 04, 2021",1594,1664.19,1693.64,1570.45,2.34M,-4.23%,X,Y
"Feb 05, 2021",1719.2,1593.91,1760.09,1589.28,1.80M,7.85%,X,Y
"Feb 06, 2021",1676.63,1719.11,1742.9,1648.03,1.78M,-2.48%,X,Y
"Feb 07, 2021",1612.99,1676.62,1692.29,1491.68,1.94M,-3.80%,X,Y
"Feb 08, 2021",1750.18,1612.98,1775.12,1566.43,2.17M,8.50%,X,Y
"Feb 09, 2021",1770.63,1750.19,1818.94,1711.4,1.94M,1.17%,X,Y
"Feb 10, 2021",1742.09,1770.81,1835.4,1683.52,2.01M,-1.61%,X,Y
"Feb 11, 2021",1786.35,1742.11,1817.68,1704.97,1.56M,2.54%,X,Y
"Feb 12, 2021",1841.02,1786.74,1862.17,1741.04,1.75M,3.06%,X,Y
"Feb 13, 2021",1815.49,1840.9,1871.36,1766.05,1.44M,-1.39%,X,Y
"Feb 14, 2021",1801.78,1815.44,1850,1787.11,1.43M,-0.76%,X,Y
"Feb 15, 2021",1778.82,1800.6,1835.51,1661.09,1.94M,-1.27%,X,Y
"Feb 16, 2021",1781.69,1778.63,1827.07,1726.78,1.48M,0.16%,X,Y
"Feb 17, 2021",1847.95,1781.44,1854.03,1734.15,1.69M,3.72%,X,Y
"Feb 18, 2021",1934.16,1849.95,1950.04,1849.05,881.87K,4.66%,X,Y
"Feb 19, 2021",1955.59,1934.17,1968.93,1892.7,1.78M,1.11%,X,Y
"Feb 20, 2021",1913.88,1955.54,2040.79,1800,2.29M,-2.13%,X,Y
"Feb 21, 2021",1933.45,1912.97,1974.99,1885.7,1.47M,1.02%,X,Y
"Feb 22, 2021",1777.28,1933.52,1935.04,1561.68,2.68M,-8.08%,X,Y
"Feb 23, 2021",1578.11,1777.25,1781.44,1370.45,3.60M,-11.21%,X,Y
"Feb 24, 2021",1623.71,1578.27,1711.16,1505.79,2.19M,2.89%,X,Y
"Feb 25, 2021",1476.15,1623.76,1669.24,1460.92,1.75M,-9.09%,X,Y
"Feb 26, 2021",1445.44,1476.77,1561.66,1403.3,2.13M,-2.08%,X,Y
"Feb 27, 2021",1458.93,1445.69,1527.69,1427.15,1.56M,0.93%,X,Y
"Feb 28, 2021",1418.76,1458.84,1467.76,1294.79,2.07M,-2.75%,X,Y
"Mar 01, 2021",1570.03,1418.91,1571.15,1411.55,1.92M,10.66%,X,Y
"Mar 02, 2021",1488.62,1570,1602.13,1457.22,1.74M,-5.18%,X,Y
"Mar 03, 2021",1571.05,1488.8,1653.04,1477.72,1.17M,5.54%,X,Y
"Mar 04, 2021",1538.61,1567.84,1623.73,1506.86,1.70M,-2.06%,X,Y
"Mar 05, 2021",1530.29,1539.73,1548.71,1443.32,1.67M,-0.54%,X,Y
"Mar 06, 2021",1649.19,1530.24,1670.01,1514.62,2.07M,7.77%,X,Y
"Mar 07, 2021",1728.1,1650.94,1732.84,1634.73,1.69M,4.78%,X,Y
"Mar 08, 2021",1831.49,1727.17,1841.05,1665.54,1.97M,5.98%,X,Y
"Mar 09, 2021",1869.1,1831.57,1869.1,1801.29,1.58M,2.05%,X,Y
"Mar 10, 2021",1794.14,1869.32,1875.98,1759.5,1.66M,-4.01%,X,Y
"Mar 11, 2021",1825.79,1794.28,1845.32,1729.05,1.58M,1.76%,X,Y
"Mar 12, 2021",1766.9,1827.44,1841.19,1723.18,1.52M,-3.23%,X,Y
"Mar 13, 2021",1921.13,1767.05,1943.36,1730.46,1.79M,8.73%,X,Y
"Mar 14, 2021",1849.06,1921.29,1932.36,1836.78,671.56K,-3.75%,X,Y
"Mar 15, 2021",1792.38,1848.18,1890.59,1745.04,1.70M,-3.07%,X,Y
"Mar 16, 2021",1804.85,1792.08,1817.35,1715.97,1.81M,0.70%,X,Y
"Mar 17, 2021",1823.35,1804.56,1837.88,1743.62,1.50M,1.03%,X,Y
"Mar 18, 2021",1776.08,1823.72,1849.23,1760.83,1.53M,-2.59%,X,Y
"Mar 19, 2021",1809.64,1775.87,1848.88,1735.42,1.20M,1.89%,X,Y
"Mar 20, 2021",1804.6,1809.09,1868.09,1801.6,27.03K,-0.28%,X,Y
"Mar 21, 2021",1783.72,1804.6,1815.85,1748.47,1.43M,-1.16%,X,Y
"Mar 22, 2021",1682.37,1783.58,1806.62,1659.28,1.58M,-5.68%,X,Y
"Mar 23, 2021",1667.9,1681.5,1720.01,1654.14,1.46M,-0.86%,X,Y
"Mar 24, 2021",1582.38,1668.42,1739.82,1546.48,1.88M,-5.13%,X,Y
"Mar 25, 2021",1586.54,1582.23,1621.32,1550.11,1.54M,0.26%,X,Y
"Mar 26, 2021",1698.6,1586.36,1699.27,1586.28,1.64M,7.06%,X,Y
"Mar 27, 2021",1713.01,1698.68,1731.73,1667.12,1.40M,0.85%,X,Y
"Mar 28, 2021",1686.8,1712.89,1724.74,1661.92,1.31M,-1.53%,X,Y
"Mar 29, 2021",1816.69,1686.88,1839.41,1678.38,1.94M,7.70%,X,Y
"Mar 30, 2021",1841.01,1816.92,1857.65,1788.6,3.03M,1.34%,X,Y
"Mar 31, 2021",1917.99,1841.01,1945.4,1774.66,2.59M,4.18%,X,Y
"Apr 01, 2021",1967.96,1918.82,1983.84,1897.38,2.08M,2.61%,X,Y
"Apr 02, 2021",2134.55,1968.12,2144.11,1949.99,2.47M,8.47%,X,Y
"Apr 03, 2021",2008.59,2134.66,2137.68,2004.4,2.01M,-5.90%,X,Y
"Apr 04, 2021",2075.94,2007.82,2091.31,1982,1.59M,3.35%,X,Y
"Apr 05, 2021",2106.41,2076.14,2127.89,2004.05,2.31M,1.47%,X,Y
"Apr 06, 2021",2111.53,2108.81,2150.78,2047.48,1.93M,0.24%,X,Y
"Apr 07, 2021",1961.46,2112.41,2128.25,1939.64,2.30M,-7.11%,X,Y
"Apr 08, 2021",2079.92,1962.44,2084.08,1951.83,1.73M,6.04%,X,Y
"Apr 09, 2021",2066.93,2080.2,2101.07,2050.39,2.47M,-0.62%,X,Y
"Apr 10, 2021",2133.79,2067.26,2197.73,2058.23,2.09M,3.23%,X,Y
"Apr 11, 2021",2151.42,2133.89,2164.76,2114.55,1.97M,0.83%,X,Y
"Apr 12, 2021",2137.81,2150.79,2199.52,2103.73,2.16M,-0.63%,X,Y
"Apr 13, 2021",2299.93,2137.55,2315.47,2136.49,2.38M,7.58%,X,Y
"Apr 14, 2021",2431.56,2299.25,2445.4,2281.49,2.11M,5.72%,X,Y
"Apr 15, 2021",2514.22,2432.9,2541.9,2402.75,1.91M,3.40%,X,Y
"Apr 16, 2021",2423.18,2514.55,2544.54,2302.3,2.08M,-3.62%,X,Y
"Apr 17, 2021",2318.33,2424.12,2493.93,2314.12,1.73M,-4.33%,X,Y
"Apr 18, 2021",2237.17,2317.88,2338.53,1948.93,2.76M,-3.50%,X,Y
"Apr 19, 2021",2160.63,2236.1,2275.87,2081.3,1.90M,-3.42%,X,Y
"Apr 20, 2021",2332.14,2161.06,2345.18,2058,1.86M,7.94%,X,Y
"Apr 21, 2021",2360.81,2331.84,2467.51,2238.15,2.10M,1.23%,X,Y
"Apr 22, 2021",2401.1,2360.32,2642.99,2313.46,3.17M,1.71%,X,Y
"Apr 23, 2021",2367.31,2398.95,2440.21,2119.26,3.46M,-1.41%,X,Y
"Apr 24, 2021",2215.93,2367.35,2367.46,2159.6,1.61M,-6.39%,X,Y
"Apr 25, 2021",2316.48,2217.23,2355.2,2169.91,1.02M,4.54%,X,Y
"Apr 26, 2021",2533.12,2320.63,2539.8,2305.97,1.79M,9.35%,X,Y
"Apr 27, 2021",2665.24,2531.07,2677.95,2484.44,1.45M,5.22%,X,Y
"Apr 28, 2021",2746.54,2665.83,2759.03,2562.74,1.74M,3.05%,X,Y
"Apr 29, 2021",2757.36,2746.51,2797.52,2670.35,1.65M,0.39%,X,Y
"Apr 30, 2021",2772.78,2757.02,2797.61,2726.03,1.52M,0.56%,X,Y
"May 01, 2021",2944.66,2772.27,2951.74,2753.6,1.51M,6.20%,X,Y
"May 02, 2021",2950.33,2945.04,2984.52,2854.12,1.30M,0.19%,X,Y
"May 03, 2021",3429.37,2950.07,3451.44,2950.07,2.32M,16.24%,X,Y
"May 04, 2021",3286.71,3429.48,3516.34,3188.9,2.74M,-4.16%,X,Y
"May 05, 2021",3522.76,3284.31,3540.78,3228.86,1.87M,7.18%,X,Y
"May 06, 2021",3489.52,3522.74,3601.59,3380.6,1.51M,-0.94%,X,Y
"May 07, 2021",3481.22,3490.83,3583.34,3363.56,1.35M,-0.24%,X,Y
"May 08, 2021",3905.55,3479.81,3952.88,3453.37,1.34M,12.19%,X,Y
"May 09, 2021",3922.23,3905.69,3979.77,3734.44,1.94M,0.43%,X,Y
"May 10, 2021",3947.9,3923.48,4203.98,3669.84,2.70M,0.65%,X,Y
"May 11, 2021",4167.78,3948.66,4177.53,3781.86,1.27M,5.57%,X,Y
"May 12, 2021",3811.77,4173.61,4366.1,3794.15,2.78M,-8.54%,X,Y
"May 13, 2021",3719.62,3807.5,4031.99,3539.96,3.21M,-2.42%,X,Y
"May 14, 2021",4075.38,3719.46,4171.76,3694.54,2.06M,9.56%,X,Y
"May 15, 2021",3641.65,4074.57,4129.99,3639.12,1.94M,-10.64%,X,Y
"May 16, 2021",3582.12,3643.67,3877.2,3351.92,2.28M,-1.63%,X,Y
"May 17, 2021",3279.68,3582.19,3582.27,3130.12,2.85M,-8.44%,X,Y
"May 18, 2021",3377.55,3280.5,3558.57,3244.93,2.30M,2.98%,X,Y
"May 19, 2021",2435.69,3376.22,3434.01,1922.25,6.42M,-27.89%,X,Y
"May 20, 2021",2777.55,2436.59,2988.52,2163.4,4.33M,14.04%,X,Y
"May 21, 2021",2433.11,2766.88,2931.66,2111.42,4.23M,-12.40%,X,Y
"May 22, 2021",2291.6,2433.09,2481.06,2162.84,2.82M,-5.82%,X,Y
"May 23, 2021",2101.34,2292.68,2379.89,1739.91,3.52M,-8.30%,X,Y
"May 24, 2021",2646.79,2101.3,2667.2,2080.87,3.24M,25.96%,X,Y
"May 25, 2021",2705.09,2647.27,2747.49,2388.81,3.28M,2.20%,X,Y
"May 26, 2021",2884.66,2705.69,2908.37,2648.1,2.66M,6.64%,X,Y
"May 27, 2021",2735.88,2885.02,2885.87,2638.62,2.39M,-5.16%,X,Y
"May 28, 2021",2414.29,2742.39,2760.17,2332.43,3.26M,-11.75%,X,Y
"May 29, 2021",2276.07,2411.68,2567.42,2207.21,2.94M,-5.73%,X,Y
"May 30, 2021",2386.1,2276.97,2465.84,2181.93,2.80M,4.83%,X,Y
"May 31, 2021",2708.47,2386.93,2713.98,2279.42,2.83M,13.51%,X,Y
"Jun 01, 2021",2633.67,2707.94,2738.23,2529.73,2.45M,-2.76%,X,Y
"Jun 02, 2021",2706.1,2633.74,2801,2554.88,2.60M,2.75%,X,Y
"Jun 03, 2021",2853.35,2705.05,2889.19,2666.39,1.09M,5.44%,X,Y
"Jun 04, 2021",2686.5,2856.63,2856.63,2557.71,2.47M,-5.85%,X,Y
"Jun 05, 2021",2628.98,2688.75,2814.02,2555.98,2.55M,-2.14%,X,Y
"Jun 06, 2021",2713.66,2628.43,2743.53,2614.48,756.36K,3.22%,X,Y
"Jun 07, 2021",2592.63,2713.52,2842.88,2581.24,3.01M,-4.46%,X,Y
"Jun 08, 2021",2510.65,2592.12,2618.7,2320.64,75.18K,-3.16%,X,Y
"Jun 09, 2021",2606.23,2507.86,2620.74,2408.37,2.32M,3.81%,X,Y
"Jun 10, 2021",2469.97,2607.45,2615.46,2432.41,1.29M,-5.23%,X,Y
"Jun 11, 2021",2351.45,2470.04,2493.48,2324.21,587.18K,-4.80%,X,Y
"Jun 12, 2021",2368.47,2351.45,2448.04,2260.8,1.80M,0.72%,X,Y
"Jun 13, 2021",2508.27,2368.68,2547.9,2311.96,1.62M,5.90%,X,Y
"Jun 14, 2021",2581.48,2508.49,2606.91,2467.61,1.79M,2.92%,X,Y
"Jun 15, 2021",2543.83,2581.42,2637.9,2512.39,1.95M,-1.46%,X,Y
"Jun 16, 2021",2367.28,2544.35,2552.12,2353.24,1.37M,-6.94%,X,Y
"Jun 17, 2021",2371.62,2367.78,2459.11,2309.08,1.06M,0.18%,X,Y
"Jun 18, 2021",2229.53,2372.1,2376.62,2142.74,778.79K,-5.99%,X,Y
"Jun 19, 2021",2166.91,2229.53,2276.7,2164.14,1.08M,-2.81%,X,Y
"Jun 20, 2021",2243.86,2166.3,2276.83,2045.03,1.42M,3.55%,X,Y
"Jun 21, 2021",1891.18,2244.25,2257.86,1868.32,2.69M,-15.72%,X,Y
"Jun 22, 2021",1876.66,1890.95,1994.32,1707.24,2.84M,-0.77%,X,Y
"Jun 23, 2021",1968.39,1877.28,2043.1,1823.57,1.77M,4.89%,X,Y
"Jun 24, 2021",1989.14,1968.76,2033.96,1886.74,1.64M,1.05%,X,Y
"Jun 25, 2021",1810.57,1989.77,2017.47,1793.47,1.65M,-8.98%,X,Y
"Jun 26, 2021",1830.62,1810.53,1850.4,1719.32,1.99M,1.11%,X,Y
"Jun 27, 2021",1979.88,1830.42,1980.7,1808.59,1.87M,8.15%,X,Y
"Jun 28, 2021",2083.09,1981.24,2142.84,1962.89,2.19M,5.21%,X,Y
"Jun 29, 2021",2158.71,2083.48,2241.86,2076.17,898.06K,3.63%,X,Y
"Jun 30, 2021",2273.84,2158.32,2281.55,2090.61,1.90M,5.33%,X,Y
"Jul 01, 2021",2109.11,2274.5,2274.63,2077.56,1.71M,-7.24%,X,Y
"Jul 02, 2021",2154.78,2108.58,2158.7,2019.75,1.39M,2.17%,X,Y
"Jul 03, 2021",2224.7,2154.53,2236.97,2115.8,1.28M,3.25%,X,Y
"Jul 04, 2021",2323.22,2224.7,2386.2,2222.95,1.39M,4.43%,X,Y
"Jul 05, 2021",2196.16,2322.6,2322.6,2163.09,822.95K,-5.47%,X,Y
"Jul 06, 2021",2322.72,2196.25,2347.47,2194.2,1.78M,5.76%,X,Y
"Jul 07, 2021",2316.57,2322.74,2402.68,2296.43,1.32M,-0.26%,X,Y
"Jul 08, 2021",2120.22,2316.21,2322.47,2095.92,1.82M,-8.48%,X,Y
"Jul 09, 2021",2145.89,2120.05,2185.62,2066.09,1.42M,1.21%,X,Y
"Jul 10, 2021",2111.12,2146.15,2191.3,2078.43,929.32K,-1.62%,X,Y
"Jul 11, 2021",2139.35,2110.9,2173.34,2081.62,724.84K,1.34%,X,Y
"Jul 12, 2021",2035.09,2139.44,2167.6,2008.66,540.10K,-4.87%,X,Y
"Jul 13, 2021",1940.72,2035.09,2042.61,1920.62,717.85K,-4.64%,X,Y
"Jul 14, 2021",1994.64,1940.48,2017.99,1868.45,1.05M,2.78%,X,Y
"Jul 15, 2021",1917.21,1994.73,2038.91,1884.81,645.06K,-3.88%,X,Y
"Jul 16, 2021",1878.2,1917.21,1960.21,1852.42,619.62K,-2.03%,X,Y
"Jul 17, 2021",1897.98,1877,1917.8,1851.97,623.52K,1.05%,X,Y
"Jul 18, 2021",1892.42,1898.01,1988.24,1881.6,829.77K,-0.29%,X,Y
"Jul 19, 2021",1818.07,1891.43,1915.15,1807.19,802.78K,-3.93%,X,Y
"Jul 20, 2021",1786.07,1818.07,1840.36,1720.7,1.20M,-1.76%,X,Y
"Jul 21, 2021",1994.49,1786.18,2029.51,1758.64,1.51M,11.67%,X,Y
"Jul 22, 2021",2024.58,1994.61,2043.26,1952.31,1.02M,1.51%,X,Y
"Jul 23, 2021",2123.61,2024.51,2129.66,2000.27,961.67K,4.89%,X,Y
"Jul 24, 2021",2151.85,2124,2162.29,2106.71,907.11K,1.33%,X,Y
"Jul 25, 2021",2189.79,2166.98,2195.03,2108.74,786.94K,1.76%,X,Y
"Jul 26, 2021",2229.53,2189.74,2430.01,2174.44,1.89M,1.81%,X,Y
"Jul 27, 2021",2300.22,2230.24,2318.68,2152.92,1.25M,3.17%,X,Y
"Jul 28, 2021",2299.11,2300.21,2343.49,2246.23,968.94K,-0.05%,X,Y
"Jul 29, 2021",2380.93,2299.46,2397.71,2269.15,642.75K,3.56%,X,Y
"Jul 30, 2021",2460.95,2380.59,2467.4,2320.8,1.03M,3.36%,X,Y
"Jul 31, 2021",2532.19,2461.08,2551.68,2421.7,507.08K,2.89%,X,Y
"Aug 01, 2021",2556.23,2530.94,2696.38,2515.26,1.20M,0.95%,X,Y
"Aug 02, 2021",2608.04,2556.07,2664.73,2513.51,970.67K,2.03%,X,Y
"Aug 03, 2021",2506.65,2608.01,2631.43,2445.49,158.45K,-3.89%,X,Y
"Aug 04, 2021",2725.29,2506.5,2766.46,2462.32,1.23M,8.72%,X,Y
"Aug 05, 2021",2827.21,2725.28,2842.95,2533.51,1.65M,3.74%,X,Y
"Aug 06, 2021",2889.43,2827.23,2946.62,2726.04,1.06M,2.20%,X,Y
"Aug 07, 2021",3158,2889.58,3169.74,2867.58,64.84K,9.29%,X,Y
"Aug 08, 2021",3012.07,3158.3,3188.49,2949.66,1.25M,-4.62%,X,Y
"Aug 09, 2021",3162.93,3011.88,3184.84,2899.24,1.44M,5.01%,X,Y
"Aug 10, 2021",3140.71,3162.81,3232.02,3057.84,1.12M,-0.70%,X,Y
"Aug 11, 2021",3163.66,3140.86,3269.7,3122.67,950.12K,0.73%,X,Y
"Aug 12, 2021",3043.61,3160.17,3236.28,2981.35,965.63K,-3.79%,X,Y
"Aug 13, 2021",3322.43,3043.2,3324.53,3035.52,795.54K,9.16%,X,Y
"Aug 14, 2021",3264.69,3322.25,3328.38,3209.45,658.60K,-1.74%,X,Y
"Aug 15, 2021",3308.87,3264.56,3318.61,3115.34,782.81K,1.35%,X,Y
"Aug 16, 2021",3147.65,3307.96,3334.22,3138.37,859.09K,-4.87%,X,Y
"Aug 17, 2021",3014.58,3147.67,3290.03,2993.63,1.06M,-4.23%,X,Y
"Aug 18, 2021",3016.91,3012.62,3124.51,2951.04,750.74K,0.08%,X,Y
"Aug 19, 2021",3184.82,3016.92,3185.51,2962.04,844.13K,5.57%,X,Y
"Aug 20, 2021",3284.21,3184.83,3300.36,3179.18,739.32K,3.12%,X,Y
"Aug 21, 2021",3223.96,3285.12,3307.33,3200.19,768.74K,-1.83%,X,Y
"Aug 22, 2021",3238.7,3224.17,3271.94,3128.98,747.65K,0.46%,X,Y
"Aug 23, 2021",3319.49,3238.41,3375.42,3231.96,1.09M,2.49%,X,Y
"Aug 24, 2021",3173.26,3322.6,3357.99,3150.75,988.82K,-4.41%,X,Y
"Aug 25, 2021",3228.15,3172.12,3247.43,3080.7,923.13K,1.73%,X,Y
"Aug 26, 2021",3093.54,3228.03,3249.62,3057.48,118.44K,-4.17%,X,Y
"Aug 27, 2021",3273.58,3093.78,3279.93,3063.37,839.54K,5.82%,X,Y
"Aug 28, 2021",3243.9,3273.78,3284.58,3212.24,466.21K,-0.91%,X,Y
"Aug 29, 2021",3222.16,3243.96,3282.21,3155.31,643.73K,-0.67%,X,Y
"Aug 30, 2021",3225.67,3222.43,3345.72,3145.53,966.58K,0.11%,X,Y
"Aug 31, 2021",3430.74,3228.23,3467.42,3191.34,1.52M,6.36%,X,Y
"Sep 01, 2021",3832.73,3429.65,3839.91,3384.82,1.48M,11.72%,X,Y
"Sep 02, 2021",3786.19,3826.9,3833.89,3723.42,928.70K,-1.21%,X,Y
"Sep 03, 2021",3936.29,3785.85,4024.89,3715.97,1.20M,3.96%,X,Y
"Sep 04, 2021",3884.97,3938.45,3968.33,3844.07,672.53K,-1.30%,X,Y
"Sep 05, 2021",3950.62,3885.4,3981.22,3834.74,714.16K,1.69%,X,Y
"Sep 06, 2021",3927.21,3950.2,3968.2,3867.55,764.56K,-0.59%,X,Y
"Sep 07, 2021",3423.12,3926.84,3945.79,3061.3,2.47M,-12.84%,X,Y
"Sep 08, 2021",3495.1,3424.35,3557.67,3221.6,780.68K,2.10%,X,Y
"Sep 09, 2021",3423.51,3498.92,3564.3,3395.94,1.09M,-2.05%,X,Y
"Sep 10, 2021",3207.27,3423.87,3512.9,3156.28,1.21M,-6.32%,X,Y
"Sep 11, 2021",3267.33,3209.37,3345.37,3202.41,732.95K,1.87%,X,Y
"Sep 12, 2021",3408.28,3267.33,3469.5,3231.87,805.97K,4.31%,X,Y
"Sep 13, 2021",3284.52,3408.17,3429.24,3118.66,1.34M,-3.63%,X,Y
"Sep 14, 2021",3428.87,3284.65,3428.87,3270.91,720.34K,4.39%,X,Y
"Sep 15, 2021",3611.9,3430.36,3612.29,3361.63,790.27K,5.34%,X,Y
"Sep 16, 2021",3569.43,3612.23,3672.68,3488.53,195.79K,-1.18%,X,Y
"Sep 17, 2021",3398.65,3569.92,3592.2,3352.32,748.10K,-4.78%,X,Y
"Sep 18, 2021",3435.97,3398.55,3539.5,3371.33,600.19K,1.10%,X,Y
"Sep 19, 2021",3329.12,3435.92,3455.67,3282.85,614.00K,-3.11%,X,Y
"Sep 20, 2021",2976.05,3328.49,3344.04,2931.64,1.72M,-10.61%,X,Y
"Sep 21, 2021",2761.52,2976.7,3101.88,2659.71,1.79M,-7.21%,X,Y
"Sep 22, 2021",3077.78,2764.71,3087.97,2740.58,1.19M,11.45%,X,Y
"Sep 23, 2021",3152.92,3077.8,3173,3035.96,841.54K,2.44%,X,Y
"Sep 24, 2021",2928.57,3152.92,3158.38,2740.06,1.74M,-7.12%,X,Y
"Sep 25, 2021",2922.55,2928.59,2965.48,2812.7,975.49K,-0.21%,X,Y
"Sep 26, 2021",3063.51,2922.47,3113.65,2740.12,1.33M,4.82%,X,Y
"Sep 27, 2021",2926.24,3061.86,3163.86,2926.24,865.30K,-4.48%,X,Y
"Sep 28, 2021",2807.28,2926.04,2969.18,2791.42,896.28K,-4.07%,X,Y
"Sep 29, 2021",2851.5,2807.15,2948.5,2784.66,728.86K,1.57%,X,Y
"Sep 30, 2021",3000.59,2851.06,3047.08,2837.68,968.23K,5.23%,X,Y
"Oct 01, 2021",3309.13,2999.86,3329.32,2972.75,1.14M,10.28%,X,Y
"Oct 02, 2021",3388.97,3309.14,3467.95,3265.97,778.15K,2.41%,X,Y
"Oct 03, 2021",3417.34,3388.83,3485.48,3346.63,642.59K,0.84%,X,Y
"Oct 04, 2021",3382.9,3417.26,3436.34,3273.22,826.83K,-1.01%,X,Y
"Oct 05, 2021",3517.26,3383.32,3540.83,3365.28,663.88K,3.97%,X,Y
"Oct 06, 2021",3575.41,3515.35,3627.19,3345.56,1.05M,1.65%,X,Y
"Oct 07, 2021",3586,3575.43,3650.18,3473.47,826.29K,0.30%,X,Y
"Oct 08, 2021",3559.42,3586.91,3668.35,3537.24,681.74K,-0.74%,X,Y
"Oct 09, 2021",3574.2,3559.96,3626.11,3541.4,464.11K,0.42%,X,Y
"Oct 10, 2021",3415.03,3574.52,3599.18,3409.22,767.49K,-4.45%,X,Y
"Oct 11, 2021",3545.06,3414.93,3622.53,3381.43,683.24K,3.81%,X,Y
"Oct 12, 2021",3489.9,3541.49,3545.35,3404.49,609.89K,-1.56%,X,Y
"Oct 13, 2021",3607.28,3491.08,3612.04,3416,557.18K,3.36%,X,Y
"Oct 14, 2021",3790.41,3607.36,3820.47,3588.24,697.09K,5.08%,X,Y
"Oct 15, 2021",3866.9,3790.34,3904.91,3735.21,721.14K,2.02%,X,Y
"Oct 16, 2021",3827.55,3869.05,3967.43,3804.55,527.61K,-1.02%,X,Y
"Oct 17, 2021",3845.47,3827.55,3917.56,3664.63,543.52K,0.47%,X,Y
"Oct 18, 2021",3747.6,3848.64,3892.01,3685.82,578.21K,-2.55%,X,Y
"Oct 19, 2021",3876.78,3745.46,3884.34,3733.78,488.60K,3.45%,X,Y
"Oct 20, 2021",4159.89,3876.76,4168.12,3830.26,752.03K,7.30%,X,Y
"Oct 21, 2021",4054.16,4160.51,4366.91,4029.48,1.14M,-2.54%,X,Y
"Oct 22, 2021",3970.94,4053.89,4164.11,3896.4,654.77K,-2.05%,X,Y
"Oct 23, 2021",4168.85,3970.94,4169.33,3938.79,487.03K,4.98%,X,Y
"Oct 24, 2021",4082.8,4168.8,4184,3965.84,507.63K,-2.06%,X,Y
"Oct 25, 2021",4219.92,4082.68,4234.76,4069.94,481.41K,3.36%,X,Y
"Oct 26, 2021",4129.51,4219.92,4291.98,4098.19,559.29K,-2.14%,X,Y
"Oct 27, 2021",3921.93,4130.06,4299.61,3914.06,1.07M,-5.03%,X,Y
"Oct 28, 2021",4284.9,3921.54,4289.8,3896.33,865.80K,9.25%,X,Y
"Oct 29, 2021",4413.7,4284.9,4458.3,4268.21,781.57K,3.01%,X,Y
"Oct 30, 2021",4320.65,4413.7,4428.41,4250.24,494.87K,-2.11%,X,Y
"Oct 31, 2021",4287.56,4322,4393.61,4169.48,555.32K,-0.77%,X,Y
"Nov 01, 2021",4320.85,4287.41,4376.94,4157.51,574.26K,0.78%,X,Y
"Nov 02, 2021",4586.06,4320.85,4598.38,4287.36,630.26K,6.14%,X,Y
"Nov 03, 2021",4602.21,4586.96,4661.88,4458.87,634.68K,0.35%,X,Y
"Nov 04, 2021",4535.11,4601.93,4604.83,4421.87,495.86K,-1.46%,X,Y
"Nov 05, 2021",4475,4534.96,4569.31,4439.67,409.75K,-1.33%,X,Y
"Nov 06, 2021",4517.36,4475,4526.75,4330.29,442.60K,0.95%,X,Y
"Nov 07, 2021",4612.06,4517.27,4634.39,4502.7,337.81K,2.10%,X,Y
"Nov 08, 2021",4808.38,4612.05,4822.97,4612.05,673.21K,4.26%,X,Y
"Nov 09, 2021",4731.83,4808.34,4836.69,4715.43,437.41K,-1.59%,X,Y
"Nov 10, 2021",4634.03,4731.83,4864.06,4498.78,761.90K,-2.07%,X,Y
"Nov 11, 2021",4720.87,4633.98,4778.17,4578.66,418.61K,1.87%,X,Y
"Nov 12, 2021",4667.31,4720.5,4807.16,4511.96,634.59K,-1.13%,X,Y
"Nov 13, 2021",4644.61,4665.76,4705.02,4585.37,290.27K,-0.49%,X,Y
"Nov 14, 2021",4625.59,4644.4,4692.76,4514.95,340.96K,-0.41%,X,Y
"Nov 15, 2021",4562.98,4625.71,4769.38,4543.47,495.96K,-1.35%,X,Y
"Nov 16, 2021",4208.16,4562.97,4562.97,4115.31,1.12M,-7.78%,X,Y
"Nov 17, 2021",4290.88,4208.29,4298.3,4071.01,664.94K,1.97%,X,Y
"Nov 18, 2021",4001.87,4290.31,4342.74,3958.44,792.38K,-6.74%,X,Y
"Nov 19, 2021",4295.43,3996.29,4305.41,3978.08,571.96K,7.34%,X,Y
"Nov 20, 2021",4408.85,4295.27,4434.27,4206.75,462.99K,2.64%,X,Y
"Nov 21, 2021",4268.08,4409.02,4422.6,4246.2,446.23K,-3.19%,X,Y
"Nov 22, 2021",4086.95,4268.07,4311.46,4026.75,717.08K,-4.24%,X,Y
"Nov 23, 2021",4340.23,4086.73,4384.75,4064.17,684.35K,6.20%,X,Y
"Nov 24, 2021",4273.54,4340.23,4372.83,4172.19,595.96K,-1.54%,X,Y
"Nov 25, 2021",4520.3,4270.73,4549.74,4248.9,578.65K,5.77%,X,Y
"Nov 26, 2021",4034.53,4520.3,4548.1,3917.43,1.00M,-10.75%,X,Y
"Nov 27, 2021",4094.8,4037.06,4183.02,4029.06,370.73K,1.49%,X,Y
"Nov 28, 2021",4296.98,4095.16,4297.63,3980.24,487.53K,4.94%,X,Y
"Nov 29, 2021",4443.22,4296.98,4456.82,4280.18,532.66K,3.40%,X,Y
"Nov 30, 2021",4628.9,4443.22,4749.12,4349.21,973.46K,4.18%,X,Y
"Dec 01, 2021",4583.28,4628.72,4778.14,4525.33,669.18K,-0.99%,X,Y
"Dec 02, 2021",4512.9,4583.28,4629.75,4437.53,608.07K,-1.54%,X,Y
"Dec 03, 2021",4219.3,4512.9,4646.73,4047.07,942.77K,-6.51%,X,Y
"Dec 04, 2021",4123.46,4219.3,4237.56,3533.02,1.52M,-2.27%,X,Y
"Dec 05, 2021",4194.8,4118.27,4247.38,4036,707.69K,1.73%,X,Y
"Dec 06, 2021",4353.31,4194.95,4373.23,3922.65,993.79K,3.78%,X,Y
"Dec 07, 2021",4307.08,4351.36,4424.2,4259.45,550.78K,-1.06%,X,Y
"Dec 08, 2021",4435.74,4307.08,4449.69,4229.63,574.33K,2.99%,X,Y
"Dec 09, 2021",4107.69,4435.74,4482.89,4078.14,642.17K,-7.40%,X,Y
"Dec 10, 2021",3903.48,4107.2,4226.79,3894.03,798.12K,-4.97%,X,Y
"Dec 11, 2021",4075.66,3903.52,4094.92,3836.92,581.26K,4.41%,X,Y
"Dec 12, 2021",4131.78,4078.17,4173.21,3988.29,360.45K,1.38%,X,Y
"Dec 13, 2021",3781.94,4131.47,4141.27,3673.19,891.67K,-8.47%,X,Y
"Dec 14, 2021",3861.55,3782.12,3879.43,3690.06,577.61K,2.11%,X,Y
"Dec 15, 2021",4019.24,3860.51,4090.15,3649.69,821.22K,4.08%,X,Y
"Dec 16, 2021",3956.62,4019.57,4108.24,3955.46,512.12K,-1.56%,X,Y
"Dec 17, 2021",3878.29,3957.12,3993.87,3702.33,654.90K,-1.98%,X,Y
"Dec 18, 2021",3959.83,3878.2,3993.05,3769.91,475.86K,2.10%,X,Y
"Dec 19, 2021",3925.34,3959.9,4025.36,3890.9,442.49K,-0.87%,X,Y
"Dec 20, 2021",3938.8,3925.46,3978.66,3757.42,531.11K,0.34%,X,Y
"Dec 21, 2021",4016.59,3944.03,4058.76,3915.56,496.71K,1.98%,X,Y
"Dec 22, 2021",3979.54,4016.25,4072.4,3944.15,426.43K,-0.92%,X,Y
"Dec 23, 2021",4110.14,3979.57,4149.17,3895.89,573.18K,3.28%,X,Y
"Dec 24, 2021",4043.39,4110.2,4133.77,4024.24,353.85K,-1.62%,X,Y
"Dec 25, 2021",4093.14,4043.6,4136.03,4024.87,308.53K,1.23%,X,Y
"Dec 26, 2021",4061.27,4093.38,4104.23,4005.38,283.58K,-0.78%,X,Y
"Dec 27, 2021",4036.24,4062.02,4125.22,4033.04,313.32K,-0.62%,X,Y
"Dec 28, 2021",3791.69,4036.86,4036.86,3760.86,527.23K,-6.06%,X,Y
"Dec 29, 2021",3627.93,3792.95,3825.97,3607.2,456.03K,-4.32%,X,Y
"Dec 30, 2021",3709.57,3629.33,3767.93,3589.64,355.72K,2.25%,X,Y
"Dec 31, 2021",3677.85,3709.38,3812.01,3623.74,405.65K,-0.85%,X,Y
"Jan 01, 2022",3765.67,3677.69,3775.2,3675.75,239.54K,2.39%,X,Y
"Jan 02, 2022",3830.67,3765.67,3851.16,3718.33,242.55K,1.73%,X,Y
"Jan 03, 2022",3764.24,3830.7,3849.5,3682.48,338.51K,-1.73%,X,Y
"Jan 04, 2022",3789.52,3764.62,3889.07,3715.24,415.81K,0.67%,X,Y
"Jan 05, 2022",3535.86,3784.47,3846.44,3418.46,582.71K,-6.69%,X,Y
"Jan 06, 2022",3407.77,3536.15,3550.19,3306.14,701.89K,-3.62%,X,Y
"Jan 07, 2022",3195.31,3407.22,3413.26,3077.3,979.25K,-6.23%,X,Y
"Jan 08, 2022",3080.02,3198.14,3244.46,3001.76,566.06K,-3.61%,X,Y
"Jan 09, 2022",3150.3,3079.89,3210.34,3060.47,415.87K,2.28%,X,Y
"Jan 10, 2022",3085.43,3150.27,3179.96,2931.68,804.38K,-2.06%,X,Y
"Jan 11, 2022",3237.89,3084.64,3262.78,3053.4,505.21K,4.94%,X,Y
"Jan 12, 2022",3370.89,3238.22,3406.79,3208,530.96K,4.11%,X,Y
"Jan 13, 2022",3238.03,3370.87,3407.98,3234.97,462.81K,-3.94%,X,Y
"Jan 14, 2022",3307.9,3241.95,3341.24,3195.65,415.18K,2.16%,X,Y
"Jan 15, 2022",3327.74,3307.84,3369.95,3265.41,292.10K,0.60%,X,Y
"Jan 16, 2022",3346.59,3326.5,3388.22,3276.44,295.68K,0.57%,X,Y
"Jan 17, 2022",3209.35,3346.63,3356.45,3142.4,375.28K,-4.10%,X,Y
"Jan 18, 2022",3160.15,3209.43,3242.47,3084.48,399.19K,-1.53%,X,Y
"Jan 19, 2022",3083.65,3160.15,3173.63,3049.3,459.81K,-2.42%,X,Y
"Jan 20, 2022",3004.72,3084.48,3270.71,2989.19,481.08K,-2.56%,X,Y
"Jan 21, 2022",2571.29,3000.21,3032.69,2471.8,1.42M,-14.43%,X,Y
"Jan 22, 2022",2412.52,2570.67,2621.21,2311.8,1.48M,-6.17%,X,Y
"Jan 23, 2022",2540.81,2412.52,2547.19,2373.85,766.83K,5.32%,X,Y
"Jan 24, 2022",2441.01,2540.81,2540.81,2161.55,1.56M,-3.93%,X,Y
"Jan 25, 2022",2458.07,2441.01,2504.32,2352.36,656.03K,0.70%,X,Y
"Jan 26, 2022",2461.41,2458.07,2719.32,2405.66,1.05M,0.14%,X,Y
"Jan 27, 2022",2424.66,2462.25,2515.19,2317.3,774.54K,-1.49%,X,Y
"Jan 28, 2022",2545.95,2424.66,2556.34,2362.53,634.50K,5.00%,X,Y
"Jan 29, 2022",2600.02,2545.95,2632.51,2520.14,484.18K,2.12%,X,Y
"Jan 30, 2022",2602.77,2600.12,2636.04,2543.99,381.84K,0.11%,X,Y
"Jan 31, 2022",2686.82,2602.71,2704.64,2478.85,601.73K,3.23%,X,Y
"Feb 01, 2022",2787.16,2686.82,2808.6,2676.32,521.74K,3.73%,X,Y
"Feb 02, 2022",2681,2787.16,2809.57,2618.07,602.40K,-3.81%,X,Y
"Feb 03, 2022",2692.8,2680.66,2723.97,2579.8,549.27K,0.44%,X,Y
"Feb 04, 2022",2994.99,2692.8,2994.99,2671.72,908.75K,11.22%,X,Y
"Feb 05, 2022",3013.81,2994.74,3058.88,2963.11,473.62K,0.63%,X,Y
"Feb 06, 2022",3056.2,3013.75,3073.23,2957.16,316.58K,1.41%,X,Y
"Feb 07, 2022",3140.18,3056.29,3185.77,2995.59,568.42K,2.75%,X,Y
"Feb 08, 2022",3115.88,3139.65,3228.86,3029.7,664.45K,-0.77%,X,Y
"Feb 09, 2022",3243.62,3115.91,3266.41,3055.95,477.82K,4.10%,X,Y
"Feb 10, 2022",3071.83,3243.73,3277.36,3058.59,742.54K,-5.30%,X,Y
"Feb 11, 2022",2927.63,3071.8,3136.33,2880.6,607.93K,-4.69%,X,Y
"Feb 12, 2022",2917.1,2927.64,2984.72,2858.85,433.29K,-0.36%,X,Y
"Feb 13, 2022",2870.25,2917.16,2952.94,2838.29,303.12K,-1.61%,X,Y
"Feb 14, 2022",2929.31,2871.06,2963.7,2834.13,477.24K,2.06%,X,Y
"Feb 15, 2022",3182.27,2929.29,3193.18,2912.61,540.04K,8.64%,X,Y
"Feb 16, 2022",3118.9,3182.32,3184.88,3045.92,416.70K,-1.99%,X,Y
"Feb 17, 2022",2894.03,3122.33,3159.83,2855.66,661.98K,-7.21%,X,Y
"Feb 18, 2022",2779.56,2893.78,2943.14,2754.15,623.19K,-3.96%,X,Y
"Feb 19, 2022",2763.81,2779.44,2829.2,2699.7,377.08K,-0.57%,X,Y
"Feb 20, 2022",2619.32,2763.97,2764.46,2577.52,508.49K,-5.23%,X,Y
"Feb 21, 2022",2569.87,2619.32,2755.58,2560.24,996.71K,-1.89%,X,Y
"Feb 22, 2022",2636.13,2569.19,2663.01,2501.4,841.13K,2.58%,X,Y
"Feb 23, 2022",2578.15,2637.38,2749.8,2578.15,636.50K,-2.20%,X,Y
"Feb 24, 2022",2596.52,2578.54,2732.02,2303.07,1.85M,0.71%,X,Y
"Feb 25, 2022",2767.53,2596.52,2830.31,2573.39,828.87K,6.59%,X,Y
"Feb 26, 2022",2776.96,2767.58,2856.01,2734.56,520.44K,0.34%,X,Y
"Feb 27, 2022",2616.34,2779.55,2834.61,2562.94,804.74K,-5.78%,X,Y
"Feb 28, 2022",2922.5,2616.34,2949.44,2574.12,899.19K,11.70%,X,Y
"Mar 01, 2022",2975.81,2922.44,3036.59,2858.54,828.62K,1.82%,X,Y
"Mar 02, 2022",2947.14,2975.8,3041.84,2914.7,740.37K,-0.96%,X,Y
"Mar 03, 2022",2834.91,2947.03,2967.9,2789.87,521.36K,-3.81%,X,Y
"Mar 04, 2022",2622.15,2834.78,2835.94,2575.63,1.50B,-7.50%,X,Y
"Mar 05, 2022",2665.42,2622.15,2684.5,2592.07,709.87M,1.65%,X,Y
"Mar 06, 2022",2549.4,2665.42,2673.19,2542.19,881.09M,-4.35%,X,Y
"Mar 07, 2022",2492.53,2549.4,2645.41,2447.74,1.58B,-2.23%,X,Y
"Mar 08, 2022",2577.21,2492.53,2623.99,2483.29,1.44B,3.40%,X,Y
"Mar 09, 2022",2726.94,2577.21,2772.09,2569.13,1.52B,5.81%,X,Y
"Mar 10, 2022",2606.5,2726.94,2731.37,2559.9,1.46B,-4.42%,X,Y
"Mar 11, 2022",2556.96,2606.5,2670.05,2525.2,1.28B,-1.90%,X,Y
"Mar 12, 2022",2569.8,2556.96,2612.33,2555.85,567.25M,0.50%,X,Y
"Mar 13, 2022",2516.75,2569.8,2600.65,2494.59,811.55M,-2.06%,X,Y
"Mar 14, 2022",2589.3,2516.75,2608.68,2500.12,991.82M,2.88%,X,Y
"Mar 15, 2022",2617.43,2589.54,2667.61,2510.75,1.19B,1.09%,X,Y
"Mar 16, 2022",2773.94,2617.43,2787.12,2603.8,1.79B,5.98%,X,Y
"Mar 17, 2022",2812.29,2773.8,2832.61,2747.06,1.06B,1.38%,X,Y
"Mar 18, 2022",2939.76,2812.29,2983.11,2768.65,1.59B,4.53%,X,Y
"Mar 19, 2022",2949.92,2939.76,2984,2895.3,392.64K,0.35%,X,Y
"Mar 20, 2022",2861.69,2950.03,2962.19,2819.27,436.11K,-2.99%,X,Y
"Mar 21, 2022",2891.63,2861.66,2960.42,2830.38,546.61K,1.05%,X,Y
"Mar 22, 2022",2969.64,2891.41,3048.32,2887.69,716.47K,2.70%,X,Y
"Mar 23, 2022",3036.12,2969.64,3042.28,2925.78,536.63K,2.24%,X,Y
"Mar 24, 2022",3109.25,3036.18,3126.37,3005.99,699.58K,2.41%,X,Y
"Mar 25, 2022",3103.51,3110.8,3192.73,3081.71,583.25K,-0.18%,X,Y
"Mar 26, 2022",3146.01,3103.43,3150.09,3085.8,244.28K,1.37%,X,Y
"Mar 27, 2022",3297.04,3145.95,3297.4,3126.46,402.02K,4.80%,X,Y
"Mar 28, 2022",3329.38,3295.73,3428.41,3275.32,628.91K,0.98%,X,Y
"Mar 29, 2022",3401.89,3329.67,3481.23,3329.67,570.03K,2.18%,X,Y
"Mar 30, 2022",3385.64,3401.86,3445.98,3333.5,425.38K,-0.48%,X,Y
"Mar 31, 2022",3282.35,3385.6,3444.43,3263.36,545.44K,-3.05%,X,Y
"Apr 01, 2022",3456.18,3282.33,3478.74,3215.33,649.92K,5.30%,X,Y
"Apr 02, 2022",3442.34,3456.18,3529.63,3436.79,629.29K,-0.40%,X,Y
"Apr 03, 2022",3521.1,3442.34,3579.82,3414.4,473.54K,2.29%,X,Y
"Apr 04, 2022",3520.41,3521.16,3544.92,3412.01,547.68K,-0.02%,X,Y
"Apr 05, 2022",3406.78,3520.35,3554.54,3400.74,500.27K,-3.23%,X,Y
"Apr 06, 2022",3169.58,3406.83,3406.87,3164.24,950.59K,-6.96%,X,Y
"Apr 07, 2022",3228.84,3169.58,3268.56,3143.96,569.39K,1.87%,X,Y
"Apr 08, 2022",3193.93,3228.83,3311.42,3174.14,654.82K,-1.08%,X,Y
"Apr 09, 2022",3259.35,3193.54,3268.18,3182.1,283.24K,2.05%,X,Y
"Apr 10, 2022",3201.84,3259.59,3306.14,3198.1,327.86K,-1.76%,X,Y
"Apr 11, 2022",2978.29,3201.99,3213.52,2953.66,876.67K,-6.98%,X,Y
"Apr 12, 2022",3027.25,2978.45,3082.02,2951.8,790.54K,1.64%,X,Y
"Apr 13, 2022",3116.92,3027.64,3128.2,2999.66,563.89K,2.96%,X,Y
"Apr 14, 2022",3021.93,3117.21,3143.18,2980.84,546.54K,-3.05%,X,Y
"Apr 15, 2022",3042.01,3021.93,3056.84,2996.62,309.95K,0.66%,X,Y
"Apr 16, 2022",3058.96,3042.01,3084.84,3011.47,245.47K,0.56%,X,Y
"Apr 17, 2022",2989.05,3058.96,3081.14,2983.17,311.54K,-2.29%,X,Y
"Apr 18, 2022",3055.64,2989.05,3069.07,2887.25,681.76K,2.23%,X,Y
"Apr 19, 2022",3102.01,3055.86,3128.86,3030.32,427.14K,1.52%,X,Y
"Apr 20, 2022",3076.38,3101.79,3161.9,3037.67,512.72K,-0.83%,X,Y
"Apr 21, 2022",2983.95,3076.06,3176.69,2950.97,675.44K,-3.00%,X,Y
"Apr 22, 2022",2963,2983.91,3029.14,2937.47,544.89K,-0.70%,X,Y
"Apr 23, 2022",2931.9,2963,2977.45,2917.84,227.07K,-1.05%,X,Y
"Apr 24, 2022",2922.03,2931.9,2966.94,2915.66,269.29K,-0.34%,X,Y
"Apr 25, 2022",3006.04,2922.03,3023.23,2800.21,807.69K,2.88%,X,Y
"Apr 26, 2022",2810.42,3006.04,3032.7,2768.38,694.46K,-6.51%,X,Y
"Apr 27, 2022",2888.99,2810.42,2916.39,2795.58,602.24K,2.80%,X,Y
"Apr 28, 2022",2937.01,2889.01,2977.78,2856.42,726.03K,1.66%,X,Y
"Apr 29, 2022",2816.66,2937.01,2946.18,2778.33,629.56K,-4.10%,X,Y
"Apr 30, 2022",2727.18,2817.14,2841.16,2716.31,430.98K,-3.18%,X,Y
"May 01, 2022",2825.8,2727.2,2847.02,2720.57,512.01K,3.62%,X,Y
"May 02, 2022",2856.01,2825.65,2879.99,2780.08,617.74K,1.07%,X,Y
"May 03, 2022",2781.47,2856.01,2861.42,2757.36,447.80K,-2.61%,X,Y
"May 04, 2022",2940.7,2781.47,2963.54,2773.9,662.07K,5.72%,X,Y
"May 05, 2022",2747.46,2940.7,2952.84,2730.95,899.82K,-6.57%,X,Y
"May 06, 2022",2692.88,2747.6,2757.14,2635.85,881.18K,-1.99%,X,Y
"May 07, 2022",2636.03,2692.92,2703.11,2589.29,458.05K,-2.11%,X,Y
"May 08, 2022",2519.98,2636.03,2641.84,2492.59,925.40K,-4.40%,X,Y
"May 09, 2022",2229.1,2519.98,2529.35,2228.9,1.93M,-11.54%,X,Y
"May 10, 2022",2342.3,2229.69,2455.19,2202.02,1.95M,5.08%,X,Y
"May 11, 2022",2080.79,2342.27,2451.33,2007.57,2.70M,-11.16%,X,Y
"May 12, 2022",1955.36,2087.17,2190.51,1796.24,2.84M,-6.03%,X,Y
"May 13, 2022",2009.53,1955.59,2146.22,1941.53,1.34M,2.77%,X,Y
"May 14, 2022",2056.3,2009.55,2068.66,1952.07,656.94K,2.33%,X,Y
"May 15, 2022",2145.86,2056.33,2161.78,2001.74,589.77K,4.36%,X,Y
"May 16, 2022",2022.93,2145.86,2145.86,1979.93,950.85K,-5.73%,X,Y
"May 17, 2022",2091.14,2023,2120.03,2008.84,736.63K,3.37%,X,Y
"May 18, 2022",1912.12,2091.05,2108.84,1909.56,751.82K,-8.56%,,Y
"May 19, 2022",2019.34,1913.99,2039.71,1903.67,858.97K,5.61%,,Y
"May 20, 2022",1959.85,2019.36,2061.08,1923.86,699.69K,-2.95%,,Y
"May 21, 2022",1975.12,1959.79,1989.44,1940.59,292.47K,0.78%,,Y
"May 22, 2022",2043.19,1975.12,2055.15,1966.34,425.98K,3.45%,,Y
"May 23, 2022",1972.93,2043.19,2086.21,1959.57,738.09K,-3.44%,,Y
"May 24, 2022",1979.35,1973.01,1992.6,1914.48,620.41K,0.33%,,Y
"May 25, 2022",1942.91,1979.4,2020.64,1937.52,639.93K,-1.84%,,Y
"May 26, 2022",1793.42,1942.89,1964.91,1744.12,1.42M,-7.69%,,Y
"May 27, 2022",1724.3,1793.19,1820.82,1708.62,1.57M,-3.85%,,Y
"May 28, 2022",1792.68,1724.67,1807.79,1722.88,658.23K,3.97%,,Y
"May 29, 2022",1813.56,1792.25,1824.81,1764.72,554.58K,1.16%,,Y
"May 30, 2022",1998.46,1813.56,2009.95,1804.33,1.04M,10.20%,,Y
"May 31, 2022",1941.79,1998.46,2015.02,1928.93,933.24K,-2.84%,,Y
"Jun 01, 2022",1818.07,1941.81,1971.22,1770.85,1.29M,-6.37%,,Y
"Jun 02, 2022",1834.64,1817.98,1851.25,1784.23,975.53K,0.91%,,Y
"Jun 03, 2022",1775.29,1834.66,1843.31,1740.83,884.53K,-3.24%,,Y
"Jun 04, 2022",1804.37,1775.28,1815.19,1748.89,442.10K,1.64%,,Y
"Jun 05, 2022",1806.71,1804.6,1829.25,1773.65,437.73K,0.13%,,Y
"Jun 06, 2022",1859.99,1806.11,1919.4,1804.77,939.37K,2.95%,,Y
"Jun 07, 2022",1813.72,1859.99,1870.99,1727.77,1.64M,-2.49%,,Y
"Jun 08, 2022",1793,1813.05,1837.41,1766.94,1.09M,-1.14%,,Y
"Jun 09, 2022",1788.06,1792.81,1832.7,1778,625.76K,-0.28%,,Y
"Jun 10, 2022",1663.02,1788.15,1803.54,1657.3,1.13M,-6.99%,,Y
"Jun 11, 2022",1531.42,1663.04,1681.58,1503.15,1.44M,-7.91%,,Y
"Jun 12, 2022",1435.46,1531.5,1542.01,1430.93,1.82M,-6.27%,,Y
"Jun 13, 2022",1206.67,1434.43,1454.07,1168.68,4.39M,-15.94%,,Y
"Jun 14, 2022",1210.84,1206.67,1261.39,1078.11,3.27M,0.35%,,Y
"Jun 15, 2022",1237.92,1208.82,1244.8,1016.99,3.73M,2.24%,,Y
"Jun 16, 2022",1068.49,1237.92,1254.28,1052.65,1.76M,-13.69%,,Y
"Jun 17, 2022",1086.47,1068.49,1116.46,1052.17,1.45M,1.68%,,Y
"Jun 18, 2022",995.61,1086.47,1096.93,883.35,2.77M,-8.36%,,Y
"Jun 19, 2022",1128.39,995.49,1152.07,938.24,2.42M,13.34%,,Y
"Jun 20, 2022",1128.32,1128.39,1165.62,1056.58,2.04M,-0.01%,,Y
"Jun 21, 2022",1125.96,1128.29,1192.27,1110.63,1.60M,-0.21%,,Y
"Jun 22, 2022",1049.02,1125.96,1127.06,1045.37,1.58M,-6.83%,,Y
"Jun 23, 2022",1144.19,1049.02,1152.97,1046.57,1.57M,9.07%,,Y
"Jun 24, 2022",1225.03,1144.33,1244.82,1132.87,1.66M,7.07%,,Y
"Jun 25, 2022",1241.76,1224.96,1255.55,1181.11,1.03M,1.37%,,Y
"Jun 26, 2022",1198.03,1241.8,1276.81,1196.2,1.13M,-3.52%,,Y
"Jun 27, 2022",1190.84,1198.03,1237.14,1176.77,1.07M,-0.60%,,Y
"Jun 28, 2022",1143.97,1191.02,1234.96,1137.57,1.32M,-3.94%,,Y
"Jun 29, 2022",1099.51,1143.95,1155.02,1088.1,1.54M,-3.89%,,Y
"Jun 30, 2022",1069.05,1099.51,1105.88,1000.77,1.71M,-2.77%,,Y
"Jul 01, 2022",1058.94,1069.13,1110.25,1035.79,1.89M,-0.95%,,Y
"Jul 02, 2022",1066.6,1059.05,1077.66,1029.03,865.06K,0.72%,,Y
"Jul 03, 2022",1074.08,1066.6,1086.9,1041.82,755.27K,0.70%,,Y
"Jul 04, 2022",1151.19,1074.07,1159.76,1045.97,1.35M,7.18%,,Y
"Jul 05, 2022",1133.9,1151.19,1170.97,1079.36,1.59M,-1.50%,,Y
"Jul 06, 2022",1186.45,1133.87,1202.09,1112.02,1.42M,4.63%,,Y
"Jul 07, 2022",1238.15,1186.48,1252.69,1163.85,1.18M,4.36%,,Y
"Jul 08, 2022",1216.33,1238.1,1275.69,1194.15,1.45M,-1.76%,,Y
"Jul 09, 2022",1216.94,1216.26,1232.69,1205.26,644.47K,0.05%,,Y
"Jul 10, 2022",1167.35,1216.94,1219.26,1155.25,1.12M,-4.07%,,Y
"Jul 11, 2022",1096.43,1167.35,1170.63,1093.28,1.34M,-6.08%,,Y
"Jul 12, 2022",1038.56,1096.41,1097.75,1035.82,1.49M,-5.28%,,Y
"Jul 13, 2022",1115.83,1038.6,1116.51,1012.29,2.48M,7.44%,,Y
"Jul 14, 2022",1192.75,1115.8,1210.17,1072.58,1.86M,6.89%,,Y
"Jul 15, 2022",1231.03,1192.83,1284.76,1182.22,1.74M,3.21%,,Y
"Jul 16, 2022",1356.08,1231.03,1399.16,1192.18,1.77M,10.16%,,Y
"Jul 17, 2022",1337.85,1356,1385.23,1323.23,1.41M,-1.34%,,Y
"Jul 18, 2022",1584.77,1337.92,1590.95,1336.75,2.37M,18.46%,,Y
"Jul 19, 2022",1543.5,1584.33,1620.35,1494.88,2.18M,-2.60%,,Y
"Jul 20, 2022",1520.64,1543.45,1618.43,1488.73,1.65M,-1.48%,,Y
"Jul 21, 2022",1575.68,1520.66,1600.35,1465.93,1.55M,3.62%,,Y
"Jul 22, 2022",1534.85,1575.68,1644.99,1520.36,1.43M,-2.59%,,Y
"Jul 23, 2022",1549.61,1534.85,1596.02,1490.35,1.03M,0.96%,,Y
"Jul 24, 2022",1598.19,1549.61,1659.93,1547.7,1.18M,3.14%,,Y
"Jul 25, 2022",1438.52,1598.19,1608.06,1438.5,1.65M,-9.99%,,Y
"Jul 26, 2022",1450.7,1438.76,1451.46,1357.7,1.42M,0.85%,,Y
"Jul 27, 2022",1636.01,1449.65,1643.7,1421.17,1.80M,12.77%,,Y
"Jul 28, 2022",1726.01,1635.99,1781.39,1597.67,1.87M,5.50%,,Y
"Jul 29, 2022",1720.77,1725.97,1764.74,1658.26,1.44M,-0.30%,,Y
"Jul 30, 2022",1695.97,1720.8,1741.34,1674.42,891.42K,-1.44%,,Y
"Jul 31, 2022",1680,1695.99,1752.94,1667.41,822.23K,-0.94%,,Y
"Aug 01, 2022",1630.1,1679.98,1702.81,1607.29,959.53K,-2.97%,,Y
"Aug 02, 2022",1631.48,1630.07,1675.51,1560.17,1.25M,0.08%,,Y
"Aug 03, 2022",1618.08,1631.46,1682.23,1591.6,906.08K,-0.82%,,Y
"Aug 04, 2022",1606.94,1618.07,1661.15,1581.18,881.56K,-0.69%,,Y
"Aug 05, 2022",1737.71,1607,1740.33,1605.71,1.21M,8.14%,,Y
"Aug 06, 2022",1690.27,1737.66,1749.33,1687.74,696.11K,-2.73%,,Y
"Aug 07, 2022",1700.29,1690.29,1728.97,1669.39,530.48K,0.59%,,Y
"Aug 08, 2022",1778.42,1700.26,1813.45,1694.69,951.02K,4.59%,,Y
"Aug 09, 2022",1702.8,1778.15,1789.55,1668.79,960.58K,-4.25%,,Y
"Aug 10, 2022",1853.46,1702.8,1881.39,1657.78,1.52M,8.85%,,Y
"Aug 11, 2022",1880.28,1853.5,1931.06,1850.72,1.31M,1.45%,,Y
"Aug 12, 2022",1957.63,1880.3,1961.83,1856.64,834.69K,4.11%,,Y
"Aug 13, 2022",1983.5,1957.62,2018.97,1946.65,798.08K,1.32%,,Y
"Aug 14, 2022",1935.1,1983.52,2028.4,1909.19,662.15K,-2.44%,,Y
"Aug 15, 2022",1900.25,1935.1,2012.02,1873.7,1.09M,-1.80%,,Y
